budget,price_sensitivity,,non_price_utility_1,non_price_utility_2,non_price_utility_3,non_price_utility_4,non_price_utility_5,non_price_utility_6,non_price_utility_7,non_price_utility_8,non_price_utility_9,non_price_utility_10,non_price_utility_11,non_price_utility_12,non_price_utility_13,non_price_utility_14,non_price_utility_15,non_price_utility_16,non_price_utility_17,non_price_utility_18,non_price_utility_19,non_price_utility_20,non_price_utility_21,non_price_utility_22,non_price_utility_23,non_price_utility_24,non_price_utility_25,non_price_utility_26,non_price_utility_27,non_price_utility_28,non_price_utility_29,non_price_utility_30,non_price_utility_31,non_price_utility_32,non_price_utility_33,non_price_utility_34,non_price_utility_35,non_price_utility_36,non_price_utility_37,non_price_utility_38,non_price_utility_39,non_price_utility_40,non_price_utility_41
9.344183692571299,3.4076872809963805,-0.9733532909023209,-0.9207079942193135,-0.936726021692807,-0.9122574072802472,-0.9308183857046792,-0.9952876858954469,-0.9601544023787165,-0.9352049643539299,-0.9179368739538991,-0.9331180868223228,-0.9856075469879458,-0.9683429596880598,-0.9062088964565279,-0.909458003612424,-0.9353700232129065,-0.903820958127576,-0.9754945338290362,-0.960814090232172,-0.9289341584079917,-0.9442717757811203,-0.9561885396866207,-0.9700210064572903,-0.9629775592459561,-0.951253787813883,-0.9240284150574538,-0.9007945425897802,-0.9489543056519083,-0.9190991788049605,-0.9077233216977376,-0.9712257341856428,-0.9152085158930822,-0.942089830108662,-0.9979864354896228,-0.96122457094569,-0.914173948892622,-0.9811960738017732,-0.9268016558426567,-0.9663763116815031,-0.9778845547555044,-0.9358085704091266,-0.9445488309218585
0.06117400956412333,1.6426430152645355,-0.9598047614142541,-0.9239213422149515,-0.9452301205470878,-0.9395344563595117,-0.9440686683792365,-0.9259985832124643,-0.9064057860412016,-0.9733228137637169,-0.9432687081058908,-0.9433630506186584,-0.9566883972640101,-0.9472055307019256,-0.9713745751950017,-0.9528955210384568,-0.919093223970854,-0.9261396509559202,-0.9573336900379809,-0.9368288293069496,-0.9802260770468336,-0.9526914109453364,-0.9721492758233333,-0.9639607533085474,-0.9767009589779722,-0.9734041044355609,-0.93912512637083,-0.9234824951485665,-0.9569819050067012,-0.9959282273847463,-0.905711056258627,-0.9853000301801891,-0.9995559599355981,-0.961340022667788,-0.9169277778549343,-0.938662786087526,-0.9091743943599244,-0.9013618437709078,-0.9442885130865156,-0.9776964023530055,-0.9363155178630612,-0.9081471499418988,-0.9087353905984734
5.927498286580388,2.725537582052345,-0.9594051782999403,-0.9092216687823961,-0.9617155505552942,-0.9158628137879953,-0.9345137804517546,-0.9772296947489316,-0.9344358692527616,-0.9117733732890969,-0.9937993913272458,-0.9374561694339636,-0.9973522674191044,-0.9008098121012217,-0.9066385008778147,-0.9740705856369342,-0.9763177219808566,-0.9648668924774708,-0.995701519623011,-0.952620146160423,-0.9244825184591641,-0.9503735099823176,-0.9005429511840016,-0.9349525273330221,-0.9447450921045099,-0.9017837822685896,-0.9556625217269351,-0.9224912043866935,-0.9222351475971051,-0.931680570171158,-0.9259334499680252,-0.9932306376806331,-0.9268508514712329,-0.9739448714837384,-0.9204814986235802,-0.9675913260633983,-0.9944059157829117,-0.9326320258416129,-0.9298624590376035,-0.9212367126869749,-0.9300809242186958,-0.9493049645234982,-0.9853993656668802
0.7861668712140568,3.649877665001877,-0.9171525242122913,-0.9113090206916216,-0.9066346031730419,-0.9759559766666971,-0.9011566798055408,-0.9551084014250428,-0.9694864952527061,-0.9625772563788711,-0.9119585391229559,-0.9585744275828606,-0.9301129917026494,-0.950829032567121,-0.930076143102701,-0.9186785737859717,-0.9020456936033824,-0.9582216981176414,-0.9443976123071209,-0.9088663888949768,-0.9143280141034043,-0.9348518200088407,-0.9570519788832155,-0.9305707713187862,-0.9808499680780118,-0.9898196733464006,-0.9373514061643762,-0.9747965866579051,-0.9025261329388484,-0.9638590149953663,-0.9450343078681213,-0.9766874481765881,-0.9950077893065068,-0.9572818086923709,-0.9335533111787881,-0.9063397474042909,-0.9363194808032168,-0.968686513537813,-0.9702851815610137,-0.9539707352035639,-0.9002920206143165,-0.9533333474039776,-0.9105388194715527
4.123210179695395,1.3082112071036542,-0.9089801133158204,-0.9689945107755947,-0.999172342104855,-0.9696793578163225,-0.9581493569863297,-0.9802963552735388,-0.9723942753541964,-0.9540398292547193,-0.9951801419288093,-0.9355801199766094,-0.9825875897108459,-0.9208423180262753,-0.9040900237932381,-0.967664016728295,-0.9323203931577316,-0.9313251740057568,-0.9551848976651574,-0.9361737432593797,-0.9456483598047669,-0.9394309814761607,-0.9488700246143419,-0.9535635649235225,-0.9655833949301175,-0.9843265800982819,-0.9429714948336485,-0.9001623199162623,-0.9182111404501913,-0.991683666328044,-0.9611184326415425,-0.9309016511839281,-0.9329572075354665,-0.9137394671478212,-0.9001547719829486,-0.9879897814658319,-0.9153528841490357,-0.9211519548994659,-0.9147555806984813,-0.9990824028772863,-0.9856248522382716,-0.9530417209125753,-0.9155782718792767
3.8057672088377226,1.9973024061062923,-0.9073052601165938,-0.9371416523990018,-0.9062823755325382,-0.9409518709502004,-0.9145258778722646,-0.9620020125884888,-0.997295069262788,-0.9176257101527149,-0.9036201544961848,-0.9771376823961532,-0.9696760075435903,-0.9833378602420635,-0.9417803354872138,-0.9901170717813893,-0.9233358571464033,-0.9952286863551767,-0.9841646609795327,-0.9793709278857892,-0.9107785261489917,-0.9586285331231684,-0.9247260212987161,-0.9209433996721581,-0.9712207867835548,-0.9041308288365357,-0.966914986365801,-0.9751828241326296,-0.952150600088157,-0.9374848998060199,-0.9231988829459473,-0.9575377913207946,-0.9373228400197513,-0.9828993806014911,-0.9818867510229583,-0.9666737018604022,-0.981420955752757,-0.9654294959328356,-0.9667250201239916,-0.9341358495175558,-0.9474743159078733,-0.9643489556139823,-0.9445066324200487
4.090393257906554,1.7390740870436485,-0.9172014346860758,-0.9937290325149325,-0.9830085969016732,-0.9891358924138195,-0.9088565223157429,-0.9121228322236612,-0.9342843490051826,-0.925019202330554,-0.9858580866174601,-0.9597478180927292,-0.9942334707405985,-0.9138140180186922,-0.9227070947371965,-0.9634815572888599,-0.9494591955182096,-0.9425288578353516,-0.9075547757246257,-0.9749059048046614,-0.9944440135637865,-0.9358934576980678,-0.9763514161209208,-0.944321464853799,-0.9939501391598272,-0.9874678452424416,-0.9329919107611101,-0.9299793056295702,-0.9053041800450656,-0.9635490143198919,-0.9153144823969723,-0.9935586093952953,-0.9687890180706578,-0.9348680984263272,-0.9382575976817628,-0.9972159864971708,-0.9706769148574234,-0.9734623369426036,-0.9414109591896317,-0.9976640657894438,-0.9758070358037623,-0.941506592497627,-0.9878497850934208
2.3654988253351683,3.8356202750911863,-0.9835302179624,-0.9048424438705513,-0.9848013621344522,-0.9168495108999604,-0.9566655100452636,-0.97647572005146,-0.9903319710772984,-0.9153087028153649,-0.9790757232834953,-0.9130830190710859,-0.9193609481593608,-0.9723718825079235,-0.9896113214977792,-0.9673808380321856,-0.9077230679363535,-0.9096948894817279,-0.9505601652439903,-0.9057640085983218,-0.9772987246341409,-0.9360902898483303,-0.9581544478162899,-0.9767864752601815,-0.9345240052052108,-0.9735390960090634,-0.9325892374462457,-0.9833903851533818,-0.9894771461721877,-0.9076303829754493,-0.9971475867115436,-0.9761841044436598,-0.9342683806497922,-0.9071336432819221,-0.9146567299514662,-0.9388248687777541,-0.9732626511861387,-0.9197010872263149,-0.9958132802002185,-0.9054901751796004,-0.9425839023306991,-0.9835602042096367,-0.9323198281781597
6.360110459786904,1.6741744754984844,-0.9496087880861427,-0.9532720964420208,-0.992060135475796,-0.9636389789030508,-0.9894161798608763,-0.9919798129032775,-0.9680011148638663,-0.9068045657468043,-0.9816454980618297,-0.9784401559645809,-0.9763883366702891,-0.9165032842913836,-0.9906123506218893,-0.9401363145157844,-0.9714555472636353,-0.9661835585338003,-0.9904791267483941,-0.9216277159912484,-0.9987892334559384,-0.9329681643657705,-0.9937588982996233,-0.9802151571537683,-0.9837778899947005,-0.9705837616429219,-0.9471583501000721,-0.9499233365135481,-0.9082276286688314,-0.9947195123960457,-0.9724950141859944,-0.978973984712552,-0.9342073786847763,-0.9263544856924052,-0.9770940138548386,-0.9790449765053469,-0.957124455749018,-0.9973749318881774,-0.9082390800767286,-0.9384802099602814,-0.972668686517946,-0.9599864684563604,-0.9550132738193402
0.8651301683012347,1.5980508029946232,-0.920484206489328,-0.9466605673961694,-0.9766929305869504,-0.9384611578680488,-0.9711269552850763,-0.9695223012507899,-0.9261835097052938,-0.9603576811435743,-0.9338926349282829,-0.911431787805444,-0.9575022938551877,-0.9288522388164129,-0.9558593518422751,-0.9611031468189946,-0.98492309345247,-0.9295399751664526,-0.9416332089161696,-0.9424145681688645,-0.9849780236200795,-0.9395177927717245,-0.941007430557832,-0.9149924567642722,-0.9946705956532886,-0.9409574093817787,-0.9928466992474846,-0.9158712647004185,-0.9565340607034518,-0.9606336314835761,-0.996832249286787,-0.9677775605253572,-0.994619908977117,-0.9397460791860092,-0.9809080178899029,-0.9068106746412874,-0.9795813081999662,-0.9497884113688492,-0.982547591683179,-0.9996142843754113,-0.9313530237437947,-0.973099750270079,-0.9529263653488327
4.430049935301163,1.551785830925101,-0.9404775291988716,-0.9866856842406819,-0.9928140310697485,-0.911979890883931,-0.9249170598472015,-0.9936546792279455,-0.9888820124629703,-0.9354410239018404,-0.9811156984650453,-0.9703647948879395,-0.9490109685511527,-0.9856120593484461,-0.9157635913731549,-0.9543045716735699,-0.962270726744017,-0.9392965055794777,-0.904424963708216,-0.9555539701496935,-0.9827021128838299,-0.9637484949505689,-0.9333729727230877,-0.9232763532629635,-0.9090181580622997,-0.9842969020981841,-0.9635007855672802,-0.9270308781836853,-0.9570254267004712,-0.9240644461896345,-0.9908866563757774,-0.9510159651434148,-0.9029016848709808,-0.9749395685125644,-0.9407083799980702,-0.9196571240187351,-0.952414101034709,-0.9630497485520042,-0.9447259626180851,-0.9876103029095574,-0.9451569599917017,-0.9322304993577571,-0.9292765527595772
4.125812491903184,2.049576938995946,-0.9111068862187806,-0.9652090466648096,-0.9890505729089548,-0.9501690363512831,-0.9322448503874157,-0.919104767358397,-0.9376388110212833,-0.9343663404895087,-0.902489672276507,-0.9182415029637733,-0.9531511073627227,-0.9604705070610149,-0.970759914848943,-0.9446343317222184,-0.9594496266900424,-0.9425974070035572,-0.9001133032663676,-0.9695806821573648,-0.9842059325272297,-0.9905132643676723,-0.9271791603584802,-0.9535478094767339,-0.965887038157438,-0.962998605412094,-0.9261663872090181,-0.9221896267510895,-0.9874705051176529,-0.9621584434258929,-0.9092467591075356,-0.9646690324127515,-0.9385384698056998,-0.9253947493494664,-0.9387871124209689,-0.991403028493859,-0.9999953172915337,-0.9457848270920737,-0.9905599187513779,-0.927401245121564,-0.9837142370478514,-0.9672574701394812,-0.9389426353577258
2.155982653176305,3.1029019743400523,-0.9036099812528625,-0.9778032925004181,-0.9869609327694981,-0.9421546689280962,-0.9517943044369576,-0.9024878720157746,-0.970456972894644,-0.9161407860606648,-0.9176348963381518,-0.9838794388943201,-0.9657221509173755,-0.9042999446201755,-0.9522559484434496,-0.9280933532110824,-0.9358345056309743,-0.9762290804889836,-0.9704740359601819,-0.9051622178543394,-0.9133088464152954,-0.9235467841821736,-0.9261703309033008,-0.9875503196723414,-0.9026017911473007,-0.9325133308628724,-0.9308264156686147,-0.9766170930124969,-0.9282607353071791,-0.9760626299877199,-0.9382526476657899,-0.9635249698978962,-0.951821523770525,-0.9951198156699088,-0.9743257942380585,-0.9312912007224566,-0.9978971996019637,-0.9768807590649441,-0.9370314294904412,-0.9815372139762666,-0.9892935276878428,-0.9087963033350371,-0.9818459953643144
3.3593147976012947,3.2504952042815773,-0.9135742443130029,-0.997824787565473,-0.9121507752792284,-0.9232948607751803,-0.9699532383237032,-0.9993551186114139,-0.9182756760498081,-0.9323002070322884,-0.9874147265170298,-0.9552805578365433,-0.9210495803703347,-0.9482471169845967,-0.9477089343266432,-0.9120739530430592,-0.9791498387427059,-0.9900053256051373,-0.9102842527739806,-0.960754059833917,-0.9083823921469422,-0.9462138731769043,-0.9689761536585582,-0.9169952648067717,-0.9910688988582752,-0.9544782793192786,-0.9215545750921978,-0.9837657309114661,-0.9651812598186539,-0.914545124665954,-0.9336276063836844,-0.9380666777409264,-0.9914789539619869,-0.9424169024858202,-0.9088008839818433,-0.9328197361300469,-0.9139259401969695,-0.9595786946279639,-0.9450313965965419,-0.9702901542311007,-0.9206654674263964,-0.92499999813383,-0.9310577407840259
7.621664542592476,3.346260804968943,-0.955980071384897,-0.99275733038382,-0.9011046214250271,-0.9654645471634272,-0.9135669544320331,-0.9705948604902417,-0.9122465008774283,-0.957326187808088,-0.9290815992111563,-0.9274388855768625,-0.958687827546735,-0.9787902334909537,-0.9075679819558701,-0.9206497758238139,-0.9373892973884591,-0.9716858011176729,-0.9985987803734688,-0.9536115853249926,-0.9709242851919557,-0.9561744820105693,-0.9509065230051609,-0.918022027893493,-0.9238590565925571,-0.9177862439632852,-0.9739962938615251,-0.9982294074521326,-0.9383753062375552,-0.9320284075642064,-0.9784553072060981,-0.9540708032167841,-0.9663693690675305,-0.9824184113485306,-0.9684295689973768,-0.9995967068730495,-0.9354892681583948,-0.9503062532109269,-0.9123564057602025,-0.9065266584852956,-0.9869566268947684,-0.9071796181263163,-0.9330982828667704
7.880125626322543,2.779688589337031,-0.903298704466089,-0.9929936174240088,-0.9421454877980668,-0.9027555353198597,-0.9353557434854168,-0.9099057732619071,-0.9523864396327528,-0.9320278320686174,-0.9872445325697592,-0.9175178324067943,-0.935865086779871,-0.9200730578496912,-0.9798189485852775,-0.9683077430785456,-0.9961720459762746,-0.9981151551128321,-0.9658974570120589,-0.9822923429640058,-0.9441913760704722,-0.9067046796838185,-0.9933052907644008,-0.9664443017380522,-0.9784097393192138,-0.9287060320273225,-0.9542987239134069,-0.9255608878522972,-0.9840072384299766,-0.9788816421796219,-0.9568701792165862,-0.9239066284138375,-0.9579081578560258,-0.9461324971060165,-0.98430102156804,-0.9590967977958001,-0.9455570610988095,-0.9272780528296269,-0.9561827779757026,-0.9875340192463831,-0.9190503659288396,-0.921490086100939,-0.9037200359759465
8.187536344748429,3.859058010910586,-0.9976921753613217,-0.9831735438878304,-0.9777337460571068,-0.9883953723283999,-0.9502142396278617,-0.9333748469999897,-0.9245912970886401,-0.9735590636008628,-0.9472869562489554,-0.9584336338186918,-0.9545011941372775,-0.9320354627600345,-0.9877676525763218,-0.9164147232349956,-0.9098519282821143,-0.9023108994239304,-0.9339399668175962,-0.9828019217460078,-0.9879248592265282,-0.9459233684749614,-0.9674119119859574,-0.9774368951353921,-0.9886541571400099,-0.9766868407242355,-0.9842907693281879,-0.9445732579167001,-0.9135153648583031,-0.9423881725768973,-0.974428301039293,-0.9163194709215889,-0.9039430904693901,-0.9819900711630769,-0.9528533721951026,-0.9607105539018927,-0.9897737909431079,-0.9960170016920159,-0.9567187056165233,-0.9781695878380009,-0.9348885843606253,-0.9856184160594365,-0.9721759583746868
1.7676248781279313,2.0679816054036633,-0.9284202759212344,-0.9309374365970342,-0.9810778804126367,-0.9754256073453915,-0.9185113026375291,-0.9701696111727819,-0.9317524023862889,-0.9401093845872074,-0.9931005757697756,-0.9841245271799731,-0.9115418453790113,-0.9787882446105212,-0.9197238157986601,-0.9214770012653354,-0.9992858112177345,-0.9145919976161747,-0.9512169892912614,-0.9128144707490893,-0.9868581739167218,-0.9753878420446509,-0.9545685115472067,-0.9414221405920262,-0.9081337271698281,-0.9317534598375934,-0.9626093614194593,-0.9072914328300399,-0.9216138411279892,-0.9933400510726462,-0.9258339006483725,-0.981395405322018,-0.9942362212706729,-0.9294841452610763,-0.9105664243083353,-0.9681208401730883,-0.9667401575179653,-0.9765118273553418,-0.9010625144895026,-0.9495522148825688,-0.9950036771773467,-0.905069404721871,-0.9634131897562143
9.603315861093533,3.0583411764529735,-0.980767685166799,-0.933571460095812,-0.9739871018944872,-0.9268402545851279,-0.9220351315555881,-0.9306891599821059,-0.9130091412982781,-0.9581866371963506,-0.9321674033823957,-0.9079985177887844,-0.9306613907003825,-0.9296899841033824,-0.9780731724104683,-0.9158588531111833,-0.9454404562748328,-0.9354378082635,-0.997885801879147,-0.9751611802085636,-0.9548182899790668,-0.9717492161799697,-0.999422097461263,-0.9872465528659459,-0.9692644220831425,-0.9733242631384316,-0.9158456178465548,-0.9499000758381931,-0.9175038787991504,-0.9830466342048618,-0.9247999512200091,-0.9918387966042903,-0.971407775293429,-0.9239806856707842,-0.9714125668168971,-0.9309733927372519,-0.9771102600295255,-0.961532801825719,-0.9898494218550112,-0.9018013373237519,-0.952454368270742,-0.9608759410934689,-0.970228496796796
9.803178240499047,3.189417535080342,-0.9371614648011424,-0.9518201516227631,-0.9254377862730737,-0.9950447323727535,-0.9610520763956373,-0.9097743565140434,-0.9407581513781631,-0.9979974962951851,-0.9235231811675831,-0.9982573875935011,-0.9071718519005423,-0.9962369892755243,-0.9325627024430541,-0.9634210710662406,-0.9095631019752791,-0.9791250316331692,-0.9466707629403777,-0.9089170043491379,-0.9845517104329403,-0.9771217672404949,-0.9170899265083526,-0.9514103168762407,-0.9192020872148294,-0.9079578313452743,-0.9961467951293911,-0.9241980225553411,-0.9234612170659561,-0.9765936673347868,-0.9480777184541831,-0.904158861987866,-0.9896119738199001,-0.9474959625515852,-0.902427019058907,-0.9027122091635755,-0.9050923768095853,-0.9149182229563689,-0.9925892773734787,-0.9077909978947177,-0.9556429850909307,-0.9262361918255175,-0.9340052373651903
5.8909151303173335,1.9221570139958666,-0.9973385395455899,-0.9661237543812504,-0.935597704910066,-0.9578339240933672,-0.9628361121783817,-0.9688691041677326,-0.9813441869736281,-0.9374608742460346,-0.9001498107678512,-0.9617330392735577,-0.9103345441651591,-0.9129830311873288,-0.9075150041056521,-0.9246009282493708,-0.955792004344274,-0.9970133015550835,-0.9878740987450021,-0.9716348294163636,-0.9018917655453034,-0.920307776058652,-0.9245586928264703,-0.9956307785999505,-0.9279536911770359,-0.9447983405868924,-0.9434342322501149,-0.9619827161868257,-0.9816945472672052,-0.9476696590995113,-0.9679429810421472,-0.9394519211100063,-0.9979391493526467,-0.9268899892794744,-0.9776414597651832,-0.9977695185732633,-0.9668080383238862,-0.9741818531994366,-0.9043501446094158,-0.9639655573386471,-0.9399847589779112,-0.9691814877676405,-0.9585778130794509
0.05799391739986781,2.361917397316076,-0.9269272902851831,-0.9406181710953256,-0.9963584896242507,-0.9905904626447569,-0.9678815172752006,-0.9425873990720378,-0.9226829884823804,-0.9670759600855752,-0.9870241355531002,-0.950823670735129,-0.9829884500809596,-0.9127348436425854,-0.9323887868363121,-0.9331373400368682,-0.9077028145811645,-0.9361935089173661,-0.943749809520895,-0.9136992361258802,-0.9927895873315772,-0.908790835643864,-0.9492577015453079,-0.9078403627437294,-0.9806900766236247,-0.939455652512547,-0.9146575934871708,-0.9577746337660903,-0.9640647870133604,-0.903938634151114,-0.9717580703390197,-0.9212884694827337,-0.9133694419630389,-0.9714878452750606,-0.9878928058474832,-0.9356975098176906,-0.9324675302959419,-0.9367209418977096,-0.9900444495313225,-0.9334142824051124,-0.997557884877917,-0.9515181803179212,-0.969087257433427
3.7612924677897883,2.273676085062838,-0.9729642015937553,-0.9893753941942598,-0.9276330504238369,-0.9498056614896644,-0.9962246541363649,-0.9657746253726416,-0.9256714588126378,-0.9784830623930558,-0.9051729640884478,-0.9333075032313962,-0.9059513181796846,-0.9564673207067168,-0.9548895575013171,-0.9126944316268254,-0.9897365609355124,-0.9410203380900727,-0.9607937980698568,-0.909919984461317,-0.9760979412392732,-0.995725977814787,-0.9338356939610437,-0.9256761000189527,-0.981236835371918,-0.9131626005530221,-0.9446391739436166,-0.9844694959126561,-0.9374904150090873,-0.9666037462750718,-0.9884678216125838,-0.9364350168959144,-0.9986068677611555,-0.9324621846623788,-0.9359238217272234,-0.9787737820594306,-0.9770005316101109,-0.941112042382427,-0.9301759482853396,-0.9319507238174048,-0.9284019810729655,-0.9344785941292211,-0.9676698957913659
7.345721393846242,2.469337538030677,-0.9532716459210133,-0.9723101339763376,-0.9955466826372096,-0.990920736190599,-0.917347013116697,-0.9521044814985815,-0.9885078667395243,-0.9101534050563915,-0.9828285656360841,-0.9195308484406451,-0.9582028032776896,-0.9956508647599053,-0.9241096451963092,-0.9517825785737817,-0.9913662228148942,-0.9645774309568484,-0.9882021200699651,-0.9449356218098109,-0.94107136982229,-0.991615425682616,-0.9335687389501134,-0.9832953540471588,-0.9933277408144533,-0.9318608452439788,-0.9703442673413276,-0.9339714795792994,-0.9395792884457322,-0.9074143462904865,-0.9831119842102679,-0.9846927012196734,-0.9298640420673304,-0.9245657992056107,-0.9763795736572285,-0.92123470900862,-0.9456589477562827,-0.9408468437342387,-0.9198008266175375,-0.9086700228628828,-0.9422487793265535,-0.9867738901938934,-0.9735902749920626
0.9870050606732639,1.7823664149051828,-0.9383125030694065,-0.9683405158851486,-0.9729803407698135,-0.947348465528536,-0.930212926729375,-0.9923297998785103,-0.9000305576685942,-0.9463434857934178,-0.9104584759091726,-0.9626154913028954,-0.9101261064569186,-0.9061315571738031,-0.963958490572376,-0.9650269585585008,-0.9189588569351397,-0.9725704888696952,-0.9228344976025914,-0.9268906404169959,-0.9312642100820584,-0.9057305140021823,-0.9242212085571895,-0.9647444515300508,-0.9151521210805273,-0.9552446399968971,-0.9541253449288727,-0.9658387682329997,-0.9116620282721097,-0.9290234886443427,-0.9344090634064329,-0.9142718259014893,-0.9090528387959593,-0.954272340070729,-0.9941763719279185,-0.951015087343539,-0.9872452610560253,-0.9496475448061887,-0.9139763339194296,-0.9612346305083752,-0.9489774681333223,-0.9190311513911087,-0.9634172021438799
9.971938640813507,3.418278862814782,-0.9749700593602801,-0.9457190060333444,-0.9829080813743505,-0.9208758171046719,-0.989543381780089,-0.9764454116634833,-0.9911924057446747,-0.9511324924381994,-0.9079054694347577,-0.9453462522799538,-0.9324112071703008,-0.9897864812060314,-0.9893159855396012,-0.9642970885369497,-0.9322688937167081,-0.9436943357061611,-0.9770171566633953,-0.975968362642402,-0.9092272976645204,-0.9930331352472188,-0.9270656001631438,-0.9600246379263171,-0.9816944192386047,-0.9604541021968237,-0.9989660565228126,-0.9069162770497763,-0.9694358900774783,-0.9317609179830791,-0.9694549869056518,-0.9247622709948539,-0.9712833060711505,-0.9753545204468046,-0.9195995628518677,-0.9441034179083565,-0.9159095072518908,-0.942368685833059,-0.9860240358113128,-0.943089723700701,-0.9076889101773873,-0.9629557647804798,-0.9084286890814991
8.693179849348878,1.69164875616215,-0.9341226361220006,-0.9229605612235828,-0.9077912038447356,-0.9702316384170341,-0.9081568778156756,-0.9208739324132182,-0.9548738725486624,-0.9319643656963524,-0.9794698369873235,-0.9848840919753635,-0.9177427138533291,-0.9181259249709324,-0.9786131752430663,-0.9460990889915268,-0.9643026764456859,-0.9904811323234582,-0.9322325728969277,-0.9065307278085231,-0.9947213909249789,-0.9410155093804984,-0.9266430818447076,-0.9906793420422667,-0.9023384299033084,-0.9756278072297959,-0.9226637752480755,-0.922164568905549,-0.9461582737400689,-0.9475678761184589,-0.952482243110511,-0.9261678731487436,-0.957739550551262,-0.9652314469852533,-0.97992960791969,-0.9494741116171388,-0.9508123812083024,-0.9022195028228935,-0.9053066395352449,-0.9811684179408089,-0.9705734834431597,-0.9068911340600835,-0.9713685591250762
4.664606226215754,3.437688172363427,-0.9170245681097958,-0.9761294685047023,-0.955522827730277,-0.944491293665775,-0.9450057971910186,-0.9396950308579185,-0.922292003313136,-0.9300722217117852,-0.9812847377763304,-0.9687479892231241,-0.9714964802903439,-0.9120359770086004,-0.9939843106225165,-0.9397372057621236,-0.9252883295593602,-0.991771216236588,-0.9239281395516662,-0.9256245017699292,-0.9550554076908345,-0.9415211025807662,-0.9541550275927063,-0.9845048923650301,-0.9320991348994347,-0.9597865334831488,-0.9718856781055983,-0.9124001766082437,-0.9601294022091069,-0.9842046652229339,-0.918485066427841,-0.9809100981950511,-0.9669016706175892,-0.9949056160354469,-0.9202121176340217,-0.927328632296135,-0.9970510774834609,-0.9524080413505414,-0.9628802261308335,-0.9078903783731399,-0.9800552480913115,-0.9084804072186793,-0.9384918544373462
2.682937656872081,1.796818649703926,-0.9547036999254489,-0.9397862571865806,-0.9319973395936568,-0.904642423917545,-0.9126705384755682,-0.9655348072777731,-0.9596923588673764,-0.9164171916780303,-0.9900876378694737,-0.9793029360578042,-0.9197791603921748,-0.9626864236450908,-0.9782937317344627,-0.9164878730183259,-0.9556366370114786,-0.9257882458796217,-0.9232580135381687,-0.9225393231116474,-0.9863630937390552,-0.9334567432085709,-0.9240333439538133,-0.9878381914676359,-0.9042959294760322,-0.9714431360789856,-0.9978021915744537,-0.9042293278409061,-0.9349879579520696,-0.9654013913951509,-0.9323583120422773,-0.9229469308702684,-0.9157999747534327,-0.9242187362999493,-0.9461694058562371,-0.9457140393377881,-0.9080094643041505,-0.9865838703613615,-0.9087556413565497,-0.9166258043300631,-0.92104650381596,-0.9443946225991163,-0.9564055129113489
7.233825999742935,1.8965026131309846,-0.9312995312994855,-0.9453237125018827,-0.9659447050888789,-0.9396479391389116,-0.9562096271917339,-0.9605997731444685,-0.9235875094358822,-0.9204788300506002,-0.9370432439026145,-0.91354112271967,-0.9491333205371552,-0.9933515013154013,-0.9201034768860511,-0.9009483353635162,-0.9890779452353897,-0.9319262423976976,-0.9670059771715362,-0.9773662141690977,-0.9294207445884296,-0.9180098429565116,-0.9919805720379216,-0.9897708391548421,-0.9019180740257532,-0.9116103872376218,-0.9971952887640348,-0.934272086748191,-0.9554956642523224,-0.9070078394035045,-0.9238681440710552,-0.9213056953709399,-0.9885724383367589,-0.941108174620485,-0.9022339059305758,-0.9458998313230352,-0.9192805214478998,-0.9464550909773481,-0.9162339947155081,-0.9545177965249442,-0.9324868221956005,-0.9043935079316121,-0.9227980231685186
9.27046734634825,2.6007548831268723,-0.9122308293056535,-0.949788949601095,-0.9703357518031711,-0.9256832792103442,-0.9428957708553602,-0.9720601232052718,-0.9012441267562987,-0.9857933337570216,-0.9166379183805653,-0.9965561066975201,-0.9616007306176887,-0.9417541857623941,-0.9167752216995412,-0.9694543904473467,-0.9507849501186914,-0.9221697903316987,-0.938361014597825,-0.9754955685599851,-0.9175702723581691,-0.9756810921494038,-0.9225489957849805,-0.9343835559460903,-0.9415564988445906,-0.9751651824190127,-0.9499069476612607,-0.9177731685448522,-0.9142073651774277,-0.9819824592107822,-0.9936989459493315,-0.9649101022530747,-0.9255426628111667,-0.9999774424158939,-0.9783639168800847,-0.9924127934255674,-0.9059668077628117,-0.9521594218645814,-0.9485767885164245,-0.9290460660145756,-0.9632315559676358,-0.9008124567442947,-0.9012270680533805
5.519928888576433,3.8181349321573315,-0.9166946996804746,-0.9369985194319106,-0.9369545334117279,-0.9206968715387384,-0.9641899814377675,-0.9115047606777539,-0.9771454717393298,-0.9403625241178926,-0.9193993229290928,-0.9387140644621231,-0.9047155658348982,-0.9906049957685643,-0.920487645192292,-0.9735404111055401,-0.9985166339007747,-0.9049613557798503,-0.9878021343486947,-0.9023891254425124,-0.975106007690302,-0.9236393149330222,-0.9917389625552336,-0.9692691614686243,-0.9026036884940508,-0.978985056268642,-0.9229912713378245,-0.9705039507437674,-0.9025910063098492,-0.9660506840980456,-0.9709507929327307,-0.9603376737335427,-0.9749957485323167,-0.9296282094059385,-0.9261894530755383,-0.961721734942077,-0.9409568452347981,-0.9985120054392512,-0.9381244120724618,-0.9327819342351472,-0.9095742054250681,-0.9113613421501773,-0.9638363682111273
9.315059199637767,3.4147793923310537,-0.9697111633122308,-0.9954553128568193,-0.9606956787997728,-0.9953626192312196,-0.942319015790964,-0.9218284438596068,-0.9685095086741047,-0.9671701367233542,-0.9030984736164303,-0.9928587550484328,-0.9471643341459114,-0.9706240134145216,-0.9051390785024895,-0.9348617239228021,-0.9510269393308998,-0.9904549554877946,-0.99438639820136,-0.9907268448900504,-0.9487637695101574,-0.9053812594018302,-0.927020694037197,-0.97670362668902,-0.9386938405287231,-0.9213400836775745,-0.9800247147385245,-0.9627499744730629,-0.9320896533100077,-0.9455275502145007,-0.9017040205285365,-0.9570468532559008,-0.9717827778883041,-0.9142891924478072,-0.945819628073458,-0.9782154979358385,-0.9991238077503503,-0.9669127959433444,-0.9159541711912226,-0.9074289961625995,-0.9775640717257724,-0.9776568037032248,-0.9880791252500496
9.070501623417952,3.4852857008931006,-0.9170163390795878,-0.9077531817214695,-0.9422001625805883,-0.9347741768739082,-0.9744231709409723,-0.9055244970102087,-0.9443632220841467,-0.9516491633269786,-0.9050086343310983,-0.9770939917141187,-0.9290151727234088,-0.940011194132169,-0.9160819587196392,-0.9589976264322774,-0.9387150365670305,-0.91322846425123,-0.9717086842207241,-0.9298695285540609,-0.9027033033850218,-0.9725247806644429,-0.9626617217225395,-0.9437274698614004,-0.9340609176093019,-0.9442485841244964,-0.9252058090873596,-0.9437301348151586,-0.9058778020453265,-0.966529672511177,-0.9892576179962786,-0.9472006679771872,-0.9836839992243361,-0.9607614929021244,-0.9946809622856766,-0.94681792909423,-0.9398723605000896,-0.9905710448356985,-0.9404105435172738,-0.9074794339881158,-0.9500842020968545,-0.9506948988105777,-0.9742648570139335
1.8172593174752616,2.549773596385097,-0.9513950406863542,-0.9886449604492358,-0.9883873657129258,-0.984092370960319,-0.993233370302467,-0.9698224077929378,-0.9229719566564044,-0.9213550416562174,-0.9092669540863653,-0.9147087720702374,-0.932167980534423,-0.9036081896313296,-0.9876445359812551,-0.9973631882377487,-0.9873937861003351,-0.9727466508198678,-0.9859548738486513,-0.9438661132389718,-0.9297124398913341,-0.985975532359184,-0.9379190011762828,-0.9640707215438935,-0.9699683694375338,-0.922680220517671,-0.9876563791309764,-0.9533510128301743,-0.9404949063922906,-0.9904951630747855,-0.920551216876454,-0.9261634339415814,-0.9252067732960859,-0.9232490138140721,-0.9408818380943554,-0.9948955081111148,-0.9279752486386033,-0.9977101094235187,-0.9591872031574051,-0.9117674804271805,-0.9880622369336676,-0.970903224987644,-0.9292574767084921
4.665386485522854,2.0316606994592106,-0.9911635065595998,-0.9485908094051982,-0.9841747032243215,-0.9834599526406261,-0.9401194475127294,-0.9980069735028242,-0.9282607602274596,-0.9775694731212572,-0.9255648124870404,-0.9560855902841381,-0.9132175746329974,-0.9487672588581668,-0.9790813241119741,-0.9693146978800277,-0.9646951304263709,-0.9795340295691286,-0.9170530498122235,-0.9570473127674114,-0.9111937023646748,-0.9327344406460728,-0.9683338328220532,-0.9291774930280551,-0.9956252795512907,-0.9747528790721264,-0.9324411918716522,-0.9737921863792134,-0.9016505952298377,-0.9799576882746132,-0.9850532288776419,-0.9968114468636602,-0.9722709340321887,-0.9889231745847162,-0.9118971193418268,-0.9995867901516288,-0.9150253260506634,-0.9870071365150925,-0.9491183094729438,-0.9104114764753202,-0.9124683272494782,-0.9114791358222347,-0.9723863575999415
4.704828205800837,2.4974227498953017,-0.9757323938093008,-0.9490571760142236,-0.9476082994657782,-0.9811357062209796,-0.9665785442048562,-0.9664773200997419,-0.9772479312901814,-0.981450808558004,-0.9751936926457673,-0.9942619446704443,-0.9765640838976212,-0.9083137892652497,-0.9329228026090812,-0.9934443691962296,-0.9192914519194334,-0.9702428748693508,-0.9948581803831799,-0.9780124057783227,-0.9070683782684148,-0.9871710000194726,-0.9772994407807197,-0.9909246364090897,-0.949025652318363,-0.9469475987640891,-0.9096634791484524,-0.9907273237029376,-0.9790627169409369,-0.9581883960249709,-0.929743149845985,-0.9797358164838561,-0.9258680817350737,-0.9064447886261733,-0.9187428567685303,-0.9053709282685102,-0.9867401245930278,-0.9809849248975966,-0.9960571079256526,-0.9394717798072051,-0.9637394992611106,-0.9096348080289625,-0.9954792711249136
4.344984974876427,1.9854062994140331,-0.9294304233895294,-0.9572121891535254,-0.9447345313960034,-0.9432447430092833,-0.931116747393132,-0.9528558972117988,-0.9393601073564822,-0.9268623011344226,-0.9208557567502509,-0.9262918231835432,-0.9297931790660882,-0.9025406935036722,-0.9124991531859402,-0.9759297416902262,-0.9321483511102918,-0.9170448130078644,-0.9425839681808584,-0.9376153476486617,-0.9155262605385175,-0.9780492084665271,-0.9697201618491254,-0.9204101601739818,-0.9126320101869753,-0.9091744587034627,-0.970128707074202,-0.9108903444770862,-0.9921544723556789,-0.912520500818182,-0.9103470803423204,-0.943945083812633,-0.9284903716380207,-0.9355399625108449,-0.9588587426743534,-0.9030037034648725,-0.9359278364010137,-0.9504900102266906,-0.9436851718595751,-0.9321958250687826,-0.9403071657814395,-0.9454107312242965,-0.9987831533332922
6.84127708088335,2.955019417162211,-0.9526050395570561,-0.9417216892483777,-0.9674034497066757,-0.9654223593741871,-0.9927958912280932,-0.9293489424995662,-0.9620785417785827,-0.9201373092513062,-0.913034498146187,-0.94613917793703,-0.983898339328387,-0.9335090553125168,-0.9167064825188851,-0.9656930549256851,-0.9924123194579109,-0.9474420393692138,-0.9858285964175308,-0.9823403852292654,-0.9780178081842384,-0.9039143685287884,-0.9066474913057059,-0.914950640551227,-0.9648306191824345,-0.9257267706784239,-0.9151180249549865,-0.9609432563978146,-0.9396951394985341,-0.9144008321303994,-0.9805947037130871,-0.9150613545871171,-0.9308422691331479,-0.9228455478406521,-0.9678872517476492,-0.9884164766485997,-0.9759088332964037,-0.9599614771895577,-0.9253984526560496,-0.9699446328262479,-0.953198772185705,-0.9903466577218798,-0.9767974754223245
9.055206445770844,2.6665168877904204,-0.9622130680179185,-0.9146018251293593,-0.9761304960759868,-0.9065195125254493,-0.9191685349263393,-0.9825285124686155,-0.9720870590393259,-0.9013452537061619,-0.9513718418303094,-0.9291113517989088,-0.9393627756897883,-0.9516938830019914,-0.9875596434738246,-0.9250558092062684,-0.9547829598810312,-0.9520861307401162,-0.9564614046511098,-0.9523717601995474,-0.9306333372817444,-0.9693924502323046,-0.967802777160845,-0.9143694816327236,-0.9002397993724212,-0.9339014972563556,-0.9720196497637861,-0.993528619442281,-0.9291441013100155,-0.9459597227653495,-0.9587746951567174,-0.9596161804428128,-0.9454434563143198,-0.9398894401079149,-0.9049233559147549,-0.9220200328196346,-0.9819945477475267,-0.9244630368181723,-0.9086776200557447,-0.9660077565925983,-0.9980395850631709,-0.939732044114483,-0.9087584502790325
2.403413753401912,2.5413658883234276,-0.9761009600148881,-0.959083307144277,-0.9547291251780975,-0.9798026667003793,-0.9936874497329049,-0.9631490941948766,-0.9092430288819029,-0.9665778994780319,-0.98287737932764,-0.9463727636968389,-0.913385342722432,-0.9790498270277529,-0.9196626346371791,-0.9078837336229155,-0.9081695989298592,-0.9083685639954094,-0.9069984376042236,-0.9249864773177747,-0.9089620036037194,-0.93742139133063,-0.9107734534831345,-0.9557709139924359,-0.9993113291482257,-0.9583287187018993,-0.9357339396964134,-0.9030600297746271,-0.9898013188630205,-0.996576154670547,-0.9895390546695696,-0.9125241885906074,-0.9044751130749316,-0.9525156188397841,-0.997859586639849,-0.9484589298462225,-0.9082058277808027,-0.9456091265957643,-0.9332908890561189,-0.9138835585003287,-0.9482568181291103,-0.9224183138093608,-0.9704461423537598
2.0246179696571565,2.8636526251210315,-0.9556940559514369,-0.9885530766992988,-0.9659163909109726,-0.9318161055121938,-0.9101998343933081,-0.9188793952283109,-0.9843973549216483,-0.9077762225333837,-0.9930298807931468,-0.9881382681461158,-0.9145107511024075,-0.9910172349461592,-0.9229682952756082,-0.9491477816888823,-0.9448051030282288,-0.9570067697181301,-0.9732983923180993,-0.9677404150695733,-0.9609407893732959,-0.9576518760072447,-0.9427623190234168,-0.9960748976985457,-0.9198149164703759,-0.9012893975529472,-0.9959135220571208,-0.9774234836790513,-0.9815123528873262,-0.922177822701931,-0.9822532002709081,-0.9390639814011496,-0.9356279172923287,-0.9564319067239742,-0.968754641730363,-0.9295335566879844,-0.9834168428967474,-0.9783070180180594,-0.9716116446355633,-0.9712486221023268,-0.9876681022776432,-0.9203444273415287,-0.9811366077174668
5.776082271830942,2.7893514894709766,-0.919127098577158,-0.980248278247171,-0.924504395318083,-0.9648613606978502,-0.9112125785829102,-0.9484782636891521,-0.9702189353269767,-0.9553823774934534,-0.9600168650337777,-0.9409961879604142,-0.9583867492675939,-0.9487972093734084,-0.985508397391671,-0.960496518890731,-0.9533144273161799,-0.9040330126937188,-0.9155254263419994,-0.9187561424670643,-0.9114511921195345,-0.9510122240722363,-0.9371151924887257,-0.9923643448144202,-0.9944121939074329,-0.9648811016795551,-0.9762215842468822,-0.9970863645656428,-0.9640636010588454,-0.9655347616514028,-0.9802915045917556,-0.9925906924188025,-0.9450670884041831,-0.9598257236104111,-0.9926345552226585,-0.9685564821719247,-0.9836688493892686,-0.9005238593940643,-0.9883505738614641,-0.9036552861061119,-0.9752784469031298,-0.9502567753144664,-0.9214816870013749
2.8541541768330103,2.5999046218291917,-0.9314365516117806,-0.9124589570310591,-0.9390021035637666,-0.995204964412078,-0.9174204661859375,-0.9023870429055689,-0.9274110742583782,-0.9972171612974124,-0.916952758748928,-0.9777561854326147,-0.9459565897758501,-0.9521144434946032,-0.9096185961514075,-0.9765704225894158,-0.9854864402221177,-0.9192414446870869,-0.9792449533073959,-0.9265397816528016,-0.9827199419625089,-0.9388261021039658,-0.9953545488646569,-0.9548422622035286,-0.942203903001157,-0.92081596851142,-0.9855651782302475,-0.9986393795082221,-0.9993150886802435,-0.9310829126323191,-0.989399535937,-0.9996949926116041,-0.9706631024382124,-0.9066284924221406,-0.965349289972715,-0.9320291753673451,-0.9627638793299336,-0.996608963900753,-0.9399815980660144,-0.9824439176386857,-0.959453798407807,-0.9557022260432064,-0.9092100858595484
6.391942103536927,3.170129453771896,-0.9653305338750545,-0.9580442948321589,-0.9596700691454222,-0.9285585901106801,-0.9989351275207505,-0.9640612417238614,-0.9613009717543837,-0.9128033720047374,-0.9387799183522914,-0.9865511047635324,-0.9180982229676279,-0.9534572485004443,-0.969134801220439,-0.9441139167871501,-0.9335312885146767,-0.9853556646893,-0.9902348876773287,-0.91801461683059,-0.9879994468782974,-0.9891754675533696,-0.924683568107148,-0.9378654799696424,-0.9575547183077318,-0.9619380599399208,-0.9237577719905807,-0.9170863374089211,-0.9823262737634998,-0.9722498302336839,-0.9881634333864854,-0.9776148633287634,-0.9043134656082246,-0.9701400863373302,-0.9030845768678354,-0.9731412454781804,-0.9075663340474017,-0.9894950157982202,-0.9859339270842022,-0.9591235199408608,-0.988542603423356,-0.9958436268828883,-0.9036028298128606
0.6815459252341605,3.988546249046531,-0.9669804531629408,-0.9846972653972603,-0.9705735681643277,-0.9813261608497116,-0.9435164130777852,-0.9381808500938175,-0.983993930450034,-0.9266756304822018,-0.9320120058719205,-0.9864289112250321,-0.9999293098257109,-0.9241948259293669,-0.9114957574627441,-0.9914807489774088,-0.972469778940217,-0.940682732355688,-0.9077561712893024,-0.9319776038793055,-0.9209264965062814,-0.9633477119854985,-0.9411171655407626,-0.9072970960812075,-0.9201291633523707,-0.9950313475383865,-0.9044403184052666,-0.9111660150842961,-0.972597153991354,-0.9961213887479017,-0.9965362534060881,-0.9574503873018682,-0.9149143743220418,-0.9203322411453233,-0.9164051104322253,-0.9406618328376506,-0.9251900276282572,-0.9549914820419897,-0.9268105452250417,-0.9433988237227725,-0.9789596591049751,-0.901436796714535,-0.9705668511422378
3.0535245812500325,3.6715532495284053,-0.9746278050204799,-0.9650275189304345,-0.9787925052623886,-0.9599426713784885,-0.9420394606752962,-0.9203722202596352,-0.9250550736516368,-0.9854019739631085,-0.9692234574694625,-0.9046796674479355,-0.9507137072948684,-0.9143079141436914,-0.9301880572391281,-0.9665814317063999,-0.9134879755800986,-0.9278966514335087,-0.9288038463589945,-0.9110593663740867,-0.9683764076366989,-0.9649763688697501,-0.9945238952537527,-0.9954417131247391,-0.9400062744988,-0.9526535731166547,-0.9853986453032074,-0.988884231963381,-0.9765102637374327,-0.9639611279694018,-0.9473662528887918,-0.928796149707465,-0.9428695763172653,-0.9408843756529682,-0.9911876474612041,-0.9190354507604258,-0.9440066180079223,-0.9407701799915058,-0.9342061639225735,-0.929737255067541,-0.9915530042593967,-0.906313378037363,-0.956848435205268
5.123497617389564,1.1539353712695526,-0.9602820039374831,-0.9524637754886881,-0.9250816430670626,-0.9357114011217322,-0.9122223918416578,-0.9966124692158863,-0.9882019490316404,-0.946793380936336,-0.9593732830261112,-0.9291721753249952,-0.9678258820206969,-0.9516348630610894,-0.9799411945156582,-0.9635764547701559,-0.9645639183476431,-0.9144179262643382,-0.9307768485119916,-0.9659845623499288,-0.9625982529264967,-0.9872318316117824,-0.9260446817940736,-0.9785800163276072,-0.9876005971192675,-0.9167234757620422,-0.9252933552109238,-0.9971009147402319,-0.9252961391011341,-0.9292224517698551,-0.9113013546639217,-0.9133517626679801,-0.9288809274383962,-0.9629628824550165,-0.9596482069990749,-0.9037672989225469,-0.9549624437759037,-0.9341343073187536,-0.9741781248967528,-0.9708974810789429,-0.9338805708501903,-0.9908121723551429,-0.9819868851048212
8.657869172275852,1.2297837794737712,-0.9577700425567278,-0.9899851274423954,-0.9402894624976029,-0.963701865213618,-0.9530409360504986,-0.9319187821083227,-0.97670996666419,-0.9778841309656555,-0.9951286334535664,-0.9291268347151652,-0.9072570661577202,-0.9695974161980359,-0.962682956128672,-0.9016651494529316,-0.984739294857728,-0.927896965060532,-0.9948827158288699,-0.9898430197746595,-0.9693726272697994,-0.982177226547229,-0.9466859331116563,-0.961848625540483,-0.9885739337324979,-0.9222684879664269,-0.9364828041076382,-0.9754130860458212,-0.9135707594978191,-0.9821615850087551,-0.9524996811035606,-0.9170555092462445,-0.9461060475244953,-0.9253009421784036,-0.9734034830202635,-0.9926241564638527,-0.991671692436947,-0.9753115723806136,-0.9840948216522456,-0.9479475127216311,-0.9897771647467655,-0.9581073378586292,-0.9887874244940557
8.823142815927158,1.3458117699726118,-0.908756737753326,-0.995289290480478,-0.981015691090945,-0.9327896220743481,-0.9416076155503166,-0.9118036823133138,-0.9101544284465403,-0.9318899651984193,-0.9048534791937662,-0.9390058778920606,-0.942713424732547,-0.927681167989005,-0.9920415198245645,-0.9194017778007978,-0.9763585549788296,-0.9269660000324331,-0.9871347211819914,-0.9565279848235433,-0.936199730348971,-0.9755236252207623,-0.946636537927253,-0.9289259365431444,-0.9561026740105766,-0.9156878509173425,-0.9221034546162543,-0.9983778220467164,-0.9159621027426171,-0.9187451474764528,-0.9665057314540442,-0.9762407145530229,-0.9062488446431567,-0.9655386180199673,-0.9539330660522136,-0.9855186630623778,-0.9277340399662413,-0.9092364607301419,-0.9667198397744817,-0.9431970759971923,-0.9545601025676941,-0.9008497616376754,-0.9498337694236797
