budget,price_sensitivity,,non_price_utility_1,non_price_utility_2,non_price_utility_3,non_price_utility_4,non_price_utility_5,non_price_utility_6,non_price_utility_7,non_price_utility_8,non_price_utility_9,non_price_utility_10,non_price_utility_11,non_price_utility_12,non_price_utility_13,non_price_utility_14,non_price_utility_15,non_price_utility_16,non_price_utility_17,non_price_utility_18,non_price_utility_19,non_price_utility_20,non_price_utility_21,non_price_utility_22,non_price_utility_23,non_price_utility_24,non_price_utility_25,non_price_utility_26,non_price_utility_27,non_price_utility_28,non_price_utility_29,non_price_utility_30,non_price_utility_31,non_price_utility_32,non_price_utility_33,non_price_utility_34,non_price_utility_35,non_price_utility_36,non_price_utility_37,non_price_utility_38,non_price_utility_39,non_price_utility_40,non_price_utility_41,non_price_utility_42,non_price_utility_43,non_price_utility_44,non_price_utility_45,non_price_utility_46,non_price_utility_47,non_price_utility_48,non_price_utility_49,non_price_utility_50,non_price_utility_51,non_price_utility_52,non_price_utility_53
-2.4886284614528673,-0.9859590305005123,-0.9490842253055781,-0.9365643733721318,-0.9431849447529583,-0.9702745184665084,-0.9186039174282616,-0.9703920622676796,-0.9579747972384811,-0.981835774027169,-0.9211585241656223,-0.9354191617061035,-0.9713846999002582,-0.9875488588785702,-0.9083420706194453,-0.9561469114226745,-0.9780730852889672,-0.9806197271988257,-0.9586439981716166,-0.9875226397201904,-0.9412747731670792,-0.9467086277915177,-0.9497826718475061,-0.9256727728960893,-0.9086066105436421,-0.9011818697629584,-0.9778874290121466,-0.9302081516441273,-0.9969675542210316,-0.9148661094803454,-0.984864486988329,-0.9967485128167753,-0.9232048039411074,-0.9831236165041094,-0.9812353837960341,-0.9781258515561718,-0.9728432293597623,-0.9777320315180034,-0.9690305305202431,-0.927073495814363,-0.9076781854598052,-0.9323238047438092,-0.9326605325595494,-0.9489059717523847,-0.9805071619615958,-0.9221982733297451,-0.9127196326006969,-0.9357971749171969,-0.9773326987022666,-0.9788316904622325,-0.9522476747697676,-0.918894692973619,-0.9410918979965928,-0.9923563868011159
-2.755545090908567,-0.9442987644497693,-0.972871665549548,-0.9645786930907618,-0.9740173307647707,-0.9789372405199118,-0.9812811734241456,-0.9344294223371632,-0.9646201690468397,-0.9722114313587792,-0.939886234720316,-0.9842869922933463,-0.9944459677734293,-0.9362345973369413,-0.9947936664679032,-0.9901766417339187,-0.9139016097115022,-0.938826587308232,-0.9902274868529329,-0.9855203284634971,-0.9786255445553046,-0.9940544695198568,-0.9324518014560639,-0.9751882469178894,-0.903319626057422,-0.9402029084481535,-0.9631137003459376,-0.9069798254946894,-0.9772888109914978,-0.9173623871133036,-0.980754236041611,-0.938827875558428,-0.9401282110721411,-0.9924557397436407,-0.9659247599743183,-0.9160243664224841,-0.9310407384128246,-0.9861106266312429,-0.9045095015085405,-0.9419972663123565,-0.931446812600676,-0.9287805978077976,-0.9382812715811157,-0.9183988361896585,-0.9687408425334412,-0.932272398483628,-0.9633401887294869,-0.9123113317911362,-0.9163150437058853,-0.9604961709313543,-0.9320798497754227,-0.9644465227873567,-0.9200111130434838,-0.9037042608392601
-0.05426382744037239,-0.919820351382098,-0.9959585621966736,-0.9647435770505501,-0.9655547957939785,-0.9202954555952303,-0.9491745196373794,-0.9828709496936961,-0.9633616602428297,-0.9177634064879877,-0.9527646494603685,-0.9428228871548856,-0.9664727828143403,-0.9716771499113831,-0.9681534752933716,-0.946031043931941,-0.9326789702344241,-0.9583642436857474,-0.901567912414606,-0.9916620442028109,-0.9229089995142195,-0.9598875117411506,-0.9438006589028236,-0.9735563049636775,-0.9391761999043828,-0.9478405733026285,-0.9384726160469973,-0.9046752706151657,-0.9491343578120003,-0.9862646044717677,-0.9084629199413183,-0.9198180518662376,-0.9681287438271987,-0.9885753217719208,-0.904039501375367,-0.9245016849767115,-0.9174766138992776,-0.9258663308433035,-0.9838829620421433,-0.9951345893287321,-0.9515087572579869,-0.9764600942245206,-0.9099241667258056,-0.936144743734604,-0.9835458478798877,-0.9605315294072057,-0.9879051578788391,-0.9985186095579247,-0.943413506747435,-0.908429695451542,-0.9022583255620837,-0.9474238386172933,-0.9909851869119848,-0.969736624538278
-0.6933231522023915,-0.9692743179900716,-0.911173983516212,-0.9297397504011055,-0.9054144287678835,-0.9961438080431475,-0.9085858999518392,-0.9034965264189929,-0.916722075020981,-0.9962799906404347,-0.9804844590357892,-0.9779116746943708,-0.9406054809475715,-0.9323273739941279,-0.9173562974004204,-0.9340815196017808,-0.9243263455493878,-0.9955502924842046,-0.981330881474751,-0.907888272706801,-0.9711077362755819,-0.9200176508591504,-0.906813081706092,-0.9241610277823169,-0.9580034012271075,-0.9404834066138368,-0.9161865641194318,-0.9767309666281919,-0.9778570027595217,-0.9529015988544969,-0.9604244227007421,-0.9418888426593447,-0.9630895102480816,-0.9395809955149762,-0.9770629272937582,-0.9673923879200146,-0.9300550581760563,-0.9575952839157106,-0.9846139582341701,-0.9465065143296235,-0.9001591033754942,-0.994448446772656,-0.9245938277852803,-0.92374465966306,-0.9498310166772309,-0.9512246009196479,-0.9888462564263507,-0.9163010162063383,-0.9960707048975996,-0.9817274551989537,-0.9027513782623967,-0.9788401976957838,-0.9012010396592516,-0.9026375885566063
-0.5376127718160911,-0.9997337044940198,-0.9464208389138611,-0.9468275731798358,-0.9358904557439931,-0.9306522822687806,-0.9910009539524633,-0.9314101751904033,-0.9264396072383128,-0.9212334628490206,-0.9161091518401341,-0.9060509664901146,-0.9253323738323983,-0.9556015053628144,-0.9040059367415315,-0.9331669988911857,-0.9296750179226596,-0.9187622008928135,-0.9631535652709733,-0.943509195883433,-0.9932191826688457,-0.9892619056489552,-0.9965924888199886,-0.9595951542986809,-0.9383649065717776,-0.9860276687670093,-0.9813609572398038,-0.9167723022267127,-0.9075336056326401,-0.9014504607597722,-0.9389025147467707,-0.9476010642781718,-0.9945899644372862,-0.9503933678428741,-0.9095106233949731,-0.9738938743901568,-0.9551799076106,-0.9981584472645644,-0.9763526367494164,-0.9452833580139883,-0.9950683309049703,-0.9021739941945607,-0.9002708785097092,-0.907076433787637,-0.9196496248350224,-0.9648420235814062,-0.9696167276245636,-0.9686065211973128,-0.9171963173231952,-0.9207652691551848,-0.908316716394909,-0.9962325259908856,-0.993937160659373,-0.969399637188651
-0.1344029814483001,-0.9402655313990352,-0.9793919547635802,-0.913522573524135,-0.9611729430609125,-0.9012887359942453,-0.9215841612359985,-0.9025419972280903,-0.9228609774617453,-0.9852536392696845,-0.933561501233585,-0.9439479437110432,-0.9681413473459893,-0.9355627413307852,-0.9206479354943037,-0.9753994081254187,-0.9355153144294401,-0.9160753569282911,-0.9336317150421962,-0.940180964517727,-0.9200422202387981,-0.9525777344131017,-0.9634995812721318,-0.9542948342284315,-0.9889855610522857,-0.9081494592167033,-0.9017208371559766,-0.9145039843017532,-0.9776056017440302,-0.9037160357927866,-0.9526173054371514,-0.9740705990171433,-0.9969205979321221,-0.9401625028975048,-0.9970614978439666,-0.9979822368426005,-0.9517197874960808,-0.9503561912002524,-0.9764464028288642,-0.9380512955621224,-0.9810497289608041,-0.9752529719103229,-0.9593206937275017,-0.9325800645104909,-0.957739149708027,-0.9336568093980739,-0.9433330965481278,-0.9599126310870357,-0.9092164219292483,-0.9850156844250885,-0.9511834452717572,-0.9104997954416527,-0.9520189876239505,-0.9648059867864756
-0.10367651204952966,-0.9577333434759068,-0.932144474436997,-0.9364385551114521,-0.9392073785752086,-0.9561942631810779,-0.9428606959889441,-0.9249981758620025,-0.9081200540154216,-0.9765558347613502,-0.9018857707449035,-0.9469109553528494,-0.9369695151742551,-0.9274954451239046,-0.94169239223758,-0.953242640857969,-0.9570839054412229,-0.971194792334089,-0.9048844778533993,-0.9144205597558461,-0.9271939469570252,-0.9891279729502663,-0.9721282297167354,-0.9546768574669191,-0.9414004995575076,-0.9428381825296865,-0.9366325905912198,-0.991530023476923,-0.9408797356730149,-0.9717457930640657,-0.9829753431855,-0.9961568888488431,-0.9376865277235664,-0.9867576311426117,-0.9471335031516689,-0.9358933100395008,-0.9905521774868398,-0.925924782838401,-0.9109017107018441,-0.9596547352131739,-0.9177624798190271,-0.936250464332879,-0.9152497500898068,-0.912485909715817,-0.9864750861794609,-0.947302657866415,-0.9973764328986949,-0.9758154356557317,-0.9465615985063988,-0.9539479690993287,-0.907961346736871,-0.977563678700949,-0.9610381801391658,-0.9578397851231447
-0.40883831770394674,-0.9349282717209264,-0.9596884033027733,-0.9798785080429815,-0.9341522692294821,-0.9691165629067683,-0.9564479280636222,-0.9111912353217629,-0.9995706325781303,-0.9841136281245727,-0.9170078916877017,-0.9371417652294487,-0.9171938522534926,-0.9014851316269781,-0.9113677222802188,-0.9675729346094366,-0.927500151395094,-0.9973156280067303,-0.9735550361494641,-0.9676826629390867,-0.9560879045497768,-0.9625691984816106,-0.9598485274206211,-0.9077272971552055,-0.9263719707983937,-0.9924628910740739,-0.9601903222876805,-0.9662161991463063,-0.9496395462985843,-0.9235002555283524,-0.9777344159897993,-0.929945565971468,-0.9143823408796315,-0.9989209251434557,-0.9179309627937091,-0.9367251281965213,-0.9616463262464874,-0.9908508681872882,-0.9335639771000415,-0.9938585346099184,-0.9771163080397934,-0.9637326255298055,-0.9827567975775345,-0.9088307577130262,-0.9972439443014754,-0.9993556323844538,-0.9242287669280473,-0.9762360774195251,-0.9826873420291867,-0.9753000978800564,-0.9227207750321023,-0.9236579996525474,-0.9060453591796752,-0.9576003475242996
-1.906334134776404,-0.9385111791702337,-0.929461266492507,-0.9160226770594253,-0.9000073669771923,-0.9971832937747658,-0.9522669059201868,-0.9258297517148409,-0.9091644270241579,-0.9386718970443938,-0.9604989258698045,-0.9270212700633839,-0.9294953439779408,-0.9861244644035544,-0.9873025745856514,-0.9385090257968576,-0.9975470347589062,-0.9242487535300637,-0.9162701516381597,-0.9613626977865752,-0.9585098785110349,-0.9518222516124089,-0.9265088263233471,-0.9279202793265559,-0.99379389860199,-0.9224066101300172,-0.932028195227889,-0.9257978446225716,-0.9791088195502414,-0.907680506261269,-0.9041828821664571,-0.9867749352299688,-0.9247814708628155,-0.9099013228769698,-0.9253923184050783,-0.9187978597242936,-0.9385497673294778,-0.9451469204268748,-0.94746503270086,-0.9280468981234902,-0.9606874400957528,-0.9305478150642773,-0.9440480875709057,-0.9887041278938937,-0.9729017064518023,-0.9855426794619678,-0.9869750625386152,-0.9819887000014579,-0.90559437924954,-0.9737018700021541,-0.9429554264601022,-0.9030338427188817,-0.9849194130122152,-0.9185413775691095
-2.5206582950503154,-0.9723348001717702,-0.9399492935446281,-0.9511041467638898,-0.9203472399191878,-0.9456838756490424,-0.931376600547122,-0.9206469487388909,-0.9013565009662459,-0.9733581532370416,-0.9006373241068149,-0.9941963940808278,-0.9354339771159126,-0.9417238029231557,-0.9203510978449779,-0.9572502784352959,-0.911343343553952,-0.9843951140495065,-0.9861511620038856,-0.9123098183249347,-0.9103016290653043,-0.9493480026859299,-0.9512072041845908,-0.9980297175442479,-0.9591115125961619,-0.9767898338427397,-0.9467877852377264,-0.9279786858654695,-0.9337362580189623,-0.9572114106928378,-0.9169155101835798,-0.9734718458299478,-0.9035532985668344,-0.9658829206505182,-0.9518961390244375,-0.9239206769557449,-0.937461973426956,-0.996444314732758,-0.9289400742399515,-0.9952973831774741,-0.9352789908351209,-0.9450848829403338,-0.9350802807955467,-0.9853993095481045,-0.9595959742556799,-0.9310857202342474,-0.9401513167345072,-0.9163406313526414,-0.915134189349856,-0.9221156066471052,-0.9783602916930055,-0.9160539585138604,-0.9615624102924295,-0.9652501424614357
-2.857963576085033,-0.9953707060830029,-0.9112150829923522,-0.9109622654901557,-0.923614206072427,-0.9533134452773088,-0.9833590909491484,-0.9268572860120957,-0.9898744882665649,-0.948811474787135,-0.963566104732406,-0.9545546928480458,-0.9958186977265796,-0.9538441620738312,-0.9289754273182222,-0.9363988353485626,-0.9580685221084566,-0.9157153453995384,-0.9929663890922826,-0.9886943900889711,-0.9414664069170401,-0.9610985822951702,-0.9909384802798494,-0.9743771651853058,-0.920173265333371,-0.9082290958416617,-0.9490150674739052,-0.9995650687522819,-0.9020597173624435,-0.9106551583423055,-0.9826002330252284,-0.9740173476993748,-0.903171370524146,-0.9848951614033405,-0.9300412142032466,-0.9404310683248667,-0.9773649870608373,-0.9590824740597059,-0.9837494556716602,-0.9010330039241443,-0.9096268347843905,-0.9761664616343522,-0.9505441168685534,-0.9183458979207574,-0.9094212894644138,-0.9968982861248943,-0.9969649256845222,-0.996450387806489,-0.9691397524380081,-0.9148378393194796,-0.9865757536388432,-0.961074592208164,-0.932294698512849,-0.9552358573133503
-2.547929658456826,-0.9651654568528947,-0.9887338731198178,-0.9092710936022952,-0.9846957126263066,-0.9079356382400631,-0.9993608916634648,-0.9806026287437911,-0.9996009403865744,-0.9457281902199833,-0.9886229991739954,-0.9125786948144815,-0.9587703485952858,-0.943848099921279,-0.9209937502830838,-0.9032607065825204,-0.906536709480146,-0.9285023016490282,-0.9977437884277448,-0.9289753160900271,-0.9015039674187982,-0.9148652303891309,-0.9037349884217938,-0.9065728612872916,-0.9990214574817636,-0.9507939781534995,-0.9733244660042478,-0.9367820647287572,-0.9032865019101914,-0.960372523444428,-0.9985766441493702,-0.9122088912688527,-0.9397306337740287,-0.9198693956420007,-0.9614841476320821,-0.9651276960997487,-0.953212675847314,-0.988961609475577,-0.9568130146574826,-0.9608897782226544,-0.9189157533019314,-0.9299524014121004,-0.9871741127717996,-0.9461393139061721,-0.9393007705903561,-0.944780488964698,-0.99311934788219,-0.9084460076720893,-0.9848781057299378,-0.9980412798064635,-0.919229637697416,-0.9966098202195781,-0.9103804772136512,-0.9303605999660692
-0.7806142688368347,-0.9710900582090995,-0.9933789395251577,-0.9181688721377497,-0.9321430744646608,-0.9059941125784097,-0.9756497280651796,-0.9548171076339973,-0.9890468249546787,-0.9184364021173285,-0.9613401791797359,-0.9083941083696202,-0.9396165432951157,-0.9211795431918962,-0.96202070782333,-0.9565375784764237,-0.9486536497486944,-0.9182521720613975,-0.9015975378300747,-0.9690101334794943,-0.9821042161615257,-0.9136569625440342,-0.9863741927260811,-0.9898908267511252,-0.933935501370273,-0.9831834277051327,-0.9391448411631094,-0.9045338936116254,-0.913218206368424,-0.9000840935122948,-0.915982715427593,-0.9997796030610642,-0.9328639583768701,-0.9667090186479285,-0.9159709833990951,-0.9548383028145944,-0.9342245286917102,-0.9206561709824064,-0.9806856414439324,-0.944956022804754,-0.942756941477097,-0.9709366039897609,-0.9574416203646261,-0.9374183809145318,-0.9656501982487791,-0.9548955182098994,-0.9470993444052046,-0.9641985903321723,-0.9195553664177145,-0.9008398358336172,-0.921091891129722,-0.9330525423891471,-0.9010579651901521,-0.9939582994574281
-2.5168503366631194,-0.9351529662382901,-0.9661621078210805,-0.9073772514848631,-0.9970082111483114,-0.9038745513699596,-0.9155509293044054,-0.9880636797142721,-0.9594325628619502,-0.9401225762596894,-0.9696645690938785,-0.9975063443806296,-0.9426062342641934,-0.9540294833545843,-0.9926219056911277,-0.9734904950085989,-0.9531076180349266,-0.9761699296738982,-0.9889425607523009,-0.9854684098764127,-0.9743252112507449,-0.9737848929021964,-0.958772812478605,-0.9269590445864706,-0.9494932954802321,-0.9487850230818571,-0.9653478724184436,-0.998591177590114,-0.9863901859590622,-0.9800506607625457,-0.9990232131351184,-0.9070654494058988,-0.9236159703066817,-0.9263504020967688,-0.9547806122897712,-0.9844037101233157,-0.9995138105846335,-0.9630591825712609,-0.9225536002798318,-0.9719759811825386,-0.907826024537634,-0.9626526709705098,-0.9618920231832288,-0.9291248467566089,-0.9105640006673597,-0.9436724077930949,-0.9935382571877068,-0.9263555145526456,-0.9112864150564937,-0.9806714107437111,-0.9549473344380778,-0.90784140813698,-0.929621268448129,-0.9127626394284799
-1.38394222716196,-0.9222336984051117,-0.9084166942339372,-0.9623250937708834,-0.9436777827770413,-0.9420638049145681,-0.9296290040832598,-0.9110784114897506,-0.9597361904017383,-0.9312635106084057,-0.9920585602135804,-0.9396582477426256,-0.9539858448427398,-0.9981443184892452,-0.9551446666519622,-0.9142332859425136,-0.9212783064787198,-0.9172466720538032,-0.9632565411559714,-0.9943376909104088,-0.9042282207977644,-0.922376550169204,-0.9634417831856192,-0.916517994852434,-0.9011563683653123,-0.9120412066436867,-0.9514446832601481,-0.9659182907996231,-0.9913174028299406,-0.9550780561385709,-0.9838904364674177,-0.9639072915187286,-0.9343215587546645,-0.904225927243648,-0.9759502183075845,-0.9246591498909064,-0.9561500172671593,-0.9819089208942738,-0.9205466544544394,-0.9789532565290311,-0.9754393985376624,-0.9138703560310506,-0.916544035392163,-0.9046999732826598,-0.9226384790541226,-0.9577101204889715,-0.9771794678444774,-0.9611918150079637,-0.9436784738466972,-0.9819248342907098,-0.9603198544908049,-0.9672387702759432,-0.992661989547307,-0.9198001887808605
-2.0790690536905334,-0.9197840753416349,-0.97149527189279,-0.9370136880471932,-0.9339083351059165,-0.9796546674824566,-0.9010567796208714,-0.9682643166980154,-0.9717388148807797,-0.9475176537122044,-0.9264984076152184,-0.9177231408040845,-0.9292512430254878,-0.9994117585380639,-0.929498317581737,-0.9010354326568562,-0.9081698429326981,-0.9393341957002885,-0.9166699775433034,-0.9393153466948454,-0.9027681835083817,-0.906883728950705,-0.9058390365916789,-0.9649871549496076,-0.9904819669045489,-0.9562507619758895,-0.9977579582561776,-0.9122972941798638,-0.932726853305063,-0.9354654465450906,-0.9840036518833594,-0.910423401090383,-0.9859994892104212,-0.9334983923322675,-0.9555840983086916,-0.9661282933624037,-0.9675997566394758,-0.9033553611563528,-0.9884512708870689,-0.9423857479830731,-0.9768467400539641,-0.9534027951193941,-0.978956886871781,-0.9394901474693615,-0.9903881668461556,-0.9680397782307042,-0.9490822841580326,-0.9455781002619116,-0.9314997062163629,-0.9147318988211255,-0.9061550416148296,-0.9016576557422559,-0.986309377161075,-0.9735627322202852
-1.667424287223025,-0.9750592362953571,-0.9535353424018429,-0.9203167376199792,-0.9251462164061899,-0.9522747258400361,-0.9780260636346557,-0.9032057290899808,-0.9746592553040379,-0.9637153864158223,-0.9357207378898401,-0.9898939024294496,-0.9987209636440956,-0.9048588602571042,-0.9432879114241406,-0.9298018971662747,-0.9637855918979307,-0.9063381906953158,-0.9602658446029608,-0.926874507979137,-0.9062042475711791,-0.9559217199680086,-0.9789323703435179,-0.9597532987346645,-0.9338116176660908,-0.9033664221316683,-0.9688908478171545,-0.9188594820880686,-0.9047140696040942,-0.9681406918871364,-0.9051026554044318,-0.9805836913123491,-0.941094400739082,-0.9874689244345902,-0.9302491080827696,-0.9280948178536172,-0.9859039513948546,-0.974610234756387,-0.9630349383629421,-0.9127806310357395,-0.9350337515163872,-0.9026765487598516,-0.9893013720058758,-0.983668434275645,-0.9719062836735299,-0.9821805171183138,-0.9650385388651286,-0.9524223985090816,-0.954076122683079,-0.9630574493349432,-0.9450218095483499,-0.9295919875257248,-0.934145078358068,-0.94033268887326
-0.485074144636123,-0.985943355563405,-0.910712759774664,-0.9327209518791737,-0.9635330832227386,-0.9874355070737022,-0.9491599197318916,-0.9090235028208526,-0.9098242269648532,-0.9281145262555752,-0.9983489013015077,-0.9282554341134479,-0.9519751418442937,-0.9606249647337222,-0.9986070016748553,-0.9969938007664924,-0.9311553651304431,-0.975171818204234,-0.9880976843058109,-0.9395594931082308,-0.9081377499106938,-0.9962111033357993,-0.9070214767271345,-0.9416895674918216,-0.9600550798950833,-0.9903034295117581,-0.9596067879968246,-0.9840309389669839,-0.9551799783814534,-0.9672997734779449,-0.9706245190967973,-0.9439089345730264,-0.9613744300878729,-0.9536794713724116,-0.9096967085979004,-0.9430459069405407,-0.9834226619206088,-0.97085814675307,-0.9300820614684548,-0.910948299769522,-0.9536843088605733,-0.9515915145021846,-0.9729775064794997,-0.9673729248858364,-0.9476172057061295,-0.9245666671504492,-0.9384560600260489,-0.9714528614563597,-0.9746452958029637,-0.942404166228969,-0.9916504088610464,-0.9614807240531692,-0.9522877399497292,-0.917825423334799
-0.9945165334266345,-0.9082337474853602,-0.97596562617203,-0.9659310140562088,-0.9947355331934593,-0.9785596234078067,-0.9729679763708603,-0.9340383840743551,-0.9316551552528459,-0.9180337016449786,-0.9401029345245929,-0.9706996472158359,-0.9155182621092591,-0.990150472463692,-0.9728393871960612,-0.9425179052089449,-0.9766060017270469,-0.956669791962105,-0.9529241929896054,-0.9656671739088282,-0.9475988191379925,-0.9175217086722025,-0.9682788944939799,-0.9163215252215813,-0.9607067205082093,-0.9374959429280473,-0.9154060747703453,-0.9510970384222942,-0.986539307829731,-0.9306641769726249,-0.923120096176738,-0.9436924261717466,-0.9309626355203877,-0.9422342805365055,-0.9542589015225815,-0.9293873724759798,-0.9041933013278056,-0.9882129308537146,-0.9154935583367734,-0.9218457374688885,-0.9042678968751422,-0.9019197522414739,-0.9117148838409586,-0.9426617826005892,-0.9647912108653539,-0.9372065872069391,-0.9379050852373357,-0.9985320175873675,-0.9918281019219001,-0.9917716226925605,-0.9066894022959229,-0.9589809815096755,-0.9723052714486924,-0.944648798279949
-2.4958314952598686,-0.9706540192697298,-0.9311212400663286,-0.9812215504984267,-0.9252933695089081,-0.9891950614463133,-0.9276433720713649,-0.9299657237763641,-0.9105064466439367,-0.9358886428146334,-0.9998620709477233,-0.9891794888866571,-0.9732037745658949,-0.9689173702135319,-0.9816910290128347,-0.9062081485087693,-0.9666820139007778,-0.901540696220388,-0.9985174071142731,-0.9420394784870784,-0.9671987920659931,-0.9680676490238037,-0.9816044932753862,-0.9831046224681097,-0.9232438310584936,-0.9383457589017041,-0.9114035141213145,-0.9370453236354062,-0.9872520159072729,-0.9703145513690455,-0.9552754011821525,-0.99745716022535,-0.9740855322479521,-0.9460385570293427,-0.9277791137888695,-0.9923234714993057,-0.9725036021391938,-0.9993570403775776,-0.9090162173858263,-0.9125746606551063,-0.9107959831252183,-0.9877407050249668,-0.9176901975460237,-0.9967779887488238,-0.9987199345527749,-0.9308913114449752,-0.9686281822552741,-0.945022322569699,-0.9390988229543428,-0.9924872920988391,-0.9564186576571733,-0.9248407024139099,-0.9045944691514135,-0.935896091023657
-2.6782714446239226,-0.9793843367277937,-0.9531467299305199,-0.9885931443503058,-0.9491757730583135,-0.9621176135208624,-0.930034633384042,-0.9521113613343215,-0.9279384469223844,-0.9864859562645458,-0.9329001032614,-0.9962277490925993,-0.9055212868510999,-0.9757342007299096,-0.9747680139953315,-0.9954412153795943,-0.9274357970687641,-0.9210642006133436,-0.9852114917038437,-0.9559725672685568,-0.9841034620061441,-0.9636304599795102,-0.9703303212325202,-0.9235993723624655,-0.9789661163922364,-0.9605351035530418,-0.973166388120007,-0.9767505065362824,-0.946754099007215,-0.9286595723113067,-0.9016861569284917,-0.9403407378626726,-0.9871392740116329,-0.9516758913100675,-0.9463745247617029,-0.9994465236027198,-0.9787736984367335,-0.939845338458337,-0.9282817728007968,-0.9734465044967036,-0.9536452769106236,-0.9950991190294485,-0.9847626190593847,-0.9814446896568791,-0.904093222818742,-0.9310507650247826,-0.9190489138681628,-0.9835451337072117,-0.9657485091026058,-0.908253979151626,-0.9599347783056885,-0.9281177241839614,-0.931744867902162,-0.9440411993552008
-2.781247577414321,-0.9968622489857303,-0.9447799518503711,-0.9380883626451908,-0.9042428694355266,-0.9865575119444648,-0.9943159242352653,-0.9169637043028702,-0.9631792316220014,-0.9072270469801552,-0.9051283452522845,-0.901015541025267,-0.9747182556020751,-0.9440687439962082,-0.9950638896704953,-0.9472839687387803,-0.9452161317158115,-0.9323180001491403,-0.9704150077150628,-0.9581528970890971,-0.9038070096171371,-0.9383550979187688,-0.9286650037572381,-0.9727331405603932,-0.9182856787257396,-0.9621945524852406,-0.9816504707871344,-0.927332202914043,-0.9776069230019048,-0.949098207461639,-0.9072803516335404,-0.9318897135509527,-0.978786434907124,-0.905314802778625,-0.9976997989405035,-0.9607490092344991,-0.9130032164469477,-0.9671165954766121,-0.9898940595023252,-0.9816833205091454,-0.9409519375128348,-0.956794406183574,-0.9130916553880952,-0.9994513274498503,-0.9223654885021785,-0.9056369439528371,-0.9228547988213598,-0.9861876641598558,-0.9789676968048663,-0.9185420776792935,-0.9062520796880111,-0.9264138895408598,-0.9841804783489855,-0.9294840444334082
-0.697864739193592,-0.9923153001690953,-0.981301768413216,-0.9935327326890175,-0.9299180798610297,-0.9180112052119346,-0.9765495667051709,-0.9181804489785599,-0.9836158129643254,-0.9828830331107796,-0.9612229278188827,-0.9388670632200525,-0.9515139100349501,-0.9602130913299127,-0.9075938463743216,-0.9124482078017431,-0.910250899324033,-0.9589554510098374,-0.9049999594722132,-0.9645951333720827,-0.9598682771441207,-0.9080267351414779,-0.9744103142035188,-0.9686278353577964,-0.9710049351069734,-0.9525174941048462,-0.9009453602184588,-0.9158552430268466,-0.9171940925216344,-0.9584415861954739,-0.909453849260613,-0.920707864104293,-0.980280177424133,-0.9684271962002148,-0.995129318039591,-0.9510953598984422,-0.9853337818630168,-0.9403984676845498,-0.9956632372269891,-0.9722165656600407,-0.9250346993200589,-0.9613478175120675,-0.9939104627116749,-0.9595003606023583,-0.9266676440063499,-0.968547544875195,-0.9260889178391424,-0.9231910427536556,-0.9300270113378164,-0.9645910329325614,-0.9637739261334427,-0.9160901582272885,-0.9073753867995512,-0.9009936315189011
-2.590191744065952,-0.9016223112379147,-0.9496476428901586,-0.9562772506854333,-0.9552367503450812,-0.9000598540376901,-0.9994990947379443,-0.9459284123169966,-0.9350029209000714,-0.9870319113131856,-0.9994860825434574,-0.9551921249806274,-0.9650481932546583,-0.985944522343155,-0.9508138481286834,-0.9624515229965269,-0.9275014971168554,-0.9841179946401657,-0.9452328178884408,-0.9495469422444682,-0.9808786798808466,-0.9587716435402718,-0.9748849346508612,-0.9425231444132312,-0.946783791915143,-0.9181609920225954,-0.9055364476396505,-0.917397118389013,-0.9781455069889552,-0.9748721377022492,-0.9676482900131081,-0.9933538171229134,-0.9984470222495639,-0.9195327749928097,-0.9168050407672353,-0.9405893151303593,-0.9476207916034597,-0.967959067604625,-0.9942724156833989,-0.9212087436028689,-0.9537330671853835,-0.9163005290411759,-0.9113746971097023,-0.9232680670355733,-0.9631632023083548,-0.9470589483921316,-0.9235425968302138,-0.9091915774993189,-0.9369649395055951,-0.9175314525059547,-0.9358057645354825,-0.9414106484271028,-0.9479918104282037,-0.9701160902782088
-1.296730765888261,-0.9776940125897633,-0.939180586895805,-0.9383209301261363,-0.9785160965576658,-0.9369167626768675,-0.937287533207816,-0.9669938882491111,-0.9893106330541759,-0.9959927574377606,-0.9653247346766048,-0.9997874519099655,-0.9817294570095824,-0.9260762783491991,-0.9712635250241268,-0.9524818392089766,-0.9209451380833159,-0.976070428296916,-0.9456762233013674,-0.9051663117921277,-0.9436690629298379,-0.9125834881628433,-0.9675985403988399,-0.9860934022417741,-0.9412208518341951,-0.9142144490396996,-0.9753809966573725,-0.9868692502780215,-0.9057569577199965,-0.9142105139538923,-0.9184020716475865,-0.9036156548150416,-0.9772837103815385,-0.9936047520066487,-0.9198165420101454,-0.9173282177571302,-0.943038720855827,-0.9842914006335316,-0.9003421212645554,-0.981321340736917,-0.9621400355944215,-0.9600919141091755,-0.9614961877743575,-0.9407052502649561,-0.9349573390505134,-0.9586945205981968,-0.9786081554859247,-0.9493920841417157,-0.957790780602172,-0.9812834866369727,-0.981956679082024,-0.9983908972267366,-0.9404971953328097,-0.9902020656084448
-0.06348654472467408,-0.9002359098518449,-0.9984625384691643,-0.9422265289339006,-0.9112353043224455,-0.9748171460138674,-0.9816818154530066,-0.9016268632544845,-0.976611502576465,-0.9789066808727416,-0.9238771141892526,-0.9313000446526151,-0.911295998988958,-0.9452962186789511,-0.9232278403194933,-0.9089883452417837,-0.9265146268395376,-0.9422792887624946,-0.9234430695753684,-0.9518163918699645,-0.9202043936229226,-0.9802201624642968,-0.9032978147104688,-0.9111021849106778,-0.9298327358180276,-0.9085391078205516,-0.930044053813078,-0.9144633233518359,-0.9221791613006143,-0.9132926836484079,-0.990578250701702,-0.9136145101106522,-0.9013577056180815,-0.9986256594742761,-0.931259589711739,-0.9361830667266688,-0.9921226591089579,-0.9032662487161356,-0.9935569038110027,-0.9829605610063422,-0.979321529451158,-0.9955078141109132,-0.9156524374592532,-0.9497077458884712,-0.9616590753267615,-0.9377983717402235,-0.9558759275179225,-0.9192304839339425,-0.9561743539717531,-0.9637010487722797,-0.9760553068260155,-0.9185911812079357,-0.9920546113462848,-0.9176122108030444
-2.652009602057566,-0.9772639136999461,-0.9198902714334153,-0.9368441553311319,-0.918754473165787,-0.9361631054552241,-0.9980474656169869,-0.9197786299745693,-0.9862456998300329,-0.9593522723795207,-0.9716673992394812,-0.934677486458933,-0.9829835005969958,-0.9745092619338055,-0.9792745682003676,-0.9185336210822954,-0.9746156618507162,-0.9799321415569489,-0.9410893378325581,-0.9503272073397746,-0.9424881321565672,-0.9588872526812956,-0.9059119607093128,-0.9325186744337022,-0.9387078290787353,-0.9316639282418141,-0.925658392054116,-0.9971763229920549,-0.9651313456126074,-0.9138046405814361,-0.9082831850939648,-0.9288856264837153,-0.9541738211278462,-0.9191478179376046,-0.9689194297646662,-0.9077077449892537,-0.9637195541562472,-0.9659734960211783,-0.9840679123247039,-0.9405813798463549,-0.9898231402416735,-0.9360608324029072,-0.907228164827887,-0.9687719343091209,-0.9403912123272529,-0.9910753654363165,-0.9167576388595107,-0.9376763883107225,-0.9910812029891632,-0.963482800325883,-0.9941670724897713,-0.9722151073295089,-0.929541380390204,-0.9135331788425023
-2.464261072314681,-0.9221246412887328,-0.9546738572072242,-0.9001171042497438,-0.9448745511934532,-0.943296101356693,-0.9941152474985385,-0.9272270773748176,-0.9727259999162345,-0.9735569906344735,-0.9511298631345283,-0.9559612783123463,-0.9917206540061183,-0.9557453140642971,-0.9581455550750723,-0.9936188669395896,-0.9565729010294676,-0.9782828938419608,-0.9678572454009288,-0.9431020426848397,-0.9753338166647965,-0.9575598781007721,-0.9500900443348501,-0.9989243904182009,-0.9415504681139701,-0.9122073088278423,-0.9801954713191889,-0.9484865245276008,-0.909759247654983,-0.9865585132292287,-0.9793462580485771,-0.9035013877223624,-0.9162337256476951,-0.9122928791738794,-0.9922341712454459,-0.9552156724194444,-0.9239786300799009,-0.9457315759429423,-0.9437806734592519,-0.9259242962490934,-0.9704112081312949,-0.9753126700532085,-0.968763463307135,-0.9512641415630007,-0.9169868945154949,-0.9145162441940612,-0.9440903890452431,-0.9850002199268598,-0.9214412479476928,-0.9409878424014056,-0.9721278625334695,-0.9028230297901184,-0.9647955540560207,-0.9922198843280023
-0.5727190912830953,-0.9868507575540871,-0.9069999278802162,-0.9716363769727742,-0.9651743455072982,-0.968779390605418,-0.9282214191839944,-0.9789078351857579,-0.9006373387229493,-0.9380312141754993,-0.9881366227989061,-0.9207720495268754,-0.9513740287130812,-0.9974707456064712,-0.9396102497937734,-0.9062004223828695,-0.9203635498218506,-0.9277607445820776,-0.9799755312202957,-0.9703542118495501,-0.9299172229963238,-0.9653805345904842,-0.9708087313497026,-0.9385064768222504,-0.9152812614127245,-0.9597301425958877,-0.9229341136789329,-0.9911532193643132,-0.9313791918910658,-0.908607449867421,-0.9546847541285702,-0.916520805052227,-0.9230238453415842,-0.9943433773548157,-0.9348774941959384,-0.9523139481812526,-0.9706991622112265,-0.9618256148698985,-0.9202669291554434,-0.913041385902869,-0.9486742862743673,-0.9655874371805996,-0.9334122179485509,-0.942932900422433,-0.9451766524084646,-0.9887155259281872,-0.9066717299127576,-0.9570406527049345,-0.9353902761452354,-0.9530517565068259,-0.9481844948835012,-0.9196471964441665,-0.9310755866454118,-0.983964010834835
-1.8199758123417875,-0.9873029905951535,-0.9760254166389781,-0.9468794509378059,-0.9155003685753998,-0.9321419075444278,-0.9105926198442372,-0.9688436705199145,-0.9659013986508301,-0.9742872762379922,-0.9102142026772599,-0.9877039504366087,-0.9585052957704868,-0.978354911290267,-0.9159281752332175,-0.9885083193277996,-0.9713339352184819,-0.9822968163419851,-0.9226923713446508,-0.9067510377158898,-0.9299567664934002,-0.9062531177266822,-0.9804001688880438,-0.9310652524547265,-0.9627240895949098,-0.9496400559206228,-0.9706974835868284,-0.9714028940451479,-0.9783584659377449,-0.9896081979107315,-0.9428688722628764,-0.9519625160581578,-0.9254109391054594,-0.9637967319107548,-0.9694932472257921,-0.9831955919425202,-0.9876008590527451,-0.9319521294658077,-0.9082710327308329,-0.9903601522274914,-0.9215188472387835,-0.9534456455535038,-0.9225169647378642,-0.9359536821378406,-0.9826318611890841,-0.9308264237946391,-0.9150827038615884,-0.9687493738147621,-0.9171493180585306,-0.9423810777841768,-0.9564716649552447,-0.9997369553921258,-0.9603851631527747,-0.996473794877736
-0.0827773559387408,-0.9865202544245432,-0.9091942530416962,-0.992677053053779,-0.9329449485108476,-0.9026975574542053,-0.9786963994550375,-0.961699800001596,-0.942926064601391,-0.9321141466283145,-0.9081825163467379,-0.9867058512291479,-0.9824813631580209,-0.9168829747725845,-0.9700925890774365,-0.9974820357222273,-0.9522252667832912,-0.9056012929807628,-0.9506430685928485,-0.9842648667318558,-0.9192960729396165,-0.9712430709325038,-0.9092135496637468,-0.9897491592300147,-0.9781184208775859,-0.9567847425539564,-0.9888593393887943,-0.9907146004035895,-0.9430418950718655,-0.9734609464127544,-0.9571844094799794,-0.908868247873459,-0.9386931420972789,-0.9728303793829116,-0.9274224647416861,-0.9774400413680396,-0.9469983727521707,-0.9596651043951969,-0.972592563845543,-0.9423516881952463,-0.9282550258543486,-0.9533028649293745,-0.9256367433614241,-0.9963913961528271,-0.9042769740730716,-0.9078024493993453,-0.9963225893664384,-0.9079217054981525,-0.9573544932093587,-0.937377104518268,-0.9066188988875983,-0.9286140707701673,-0.9788661554479265,-0.9783263903504791
-2.4583289442907788,-0.9014504732858767,-0.947408686412026,-0.9316999307477517,-0.9718797797532861,-0.9537366996941865,-0.9530016134596868,-0.9721841721574713,-0.9976267381323296,-0.9655499768416432,-0.9417399952856946,-0.952655263711655,-0.9223835149014736,-0.9384219031513296,-0.9299196134437372,-0.9399279616950693,-0.9208476010109519,-0.9326452196859453,-0.9186788953521166,-0.9369441367937514,-0.934993154282854,-0.9576148768450439,-0.9414744254026849,-0.985647831048079,-0.9727574190823775,-0.9274884534821803,-0.9404219429984803,-0.9668798981708224,-0.9135846282672603,-0.9854724505567499,-0.9116897764918347,-0.9438394311700862,-0.9891218641702708,-0.911269255337738,-0.9049622958031341,-0.9838711059775567,-0.9615757688408548,-0.9092848882032332,-0.9489097240796904,-0.9964279234543394,-0.9208517355323808,-0.913841984344671,-0.9967371705829631,-0.9331149889013035,-0.9342373150871791,-0.9495504294044058,-0.9950502720702038,-0.9657562258504231,-0.9753738004530869,-0.9938949320773611,-0.9829094567020074,-0.9637108692848071,-0.9626075076874252,-0.9197340630081838
-2.616149518577065,-0.9089805213493909,-0.9068397480121799,-0.9179239550489189,-0.9333228317897516,-0.9178065662866338,-0.9867383929714164,-0.9391577739693169,-0.9306306728091717,-0.9026475374756364,-0.9586631221277973,-0.9017180737978505,-0.9922669089983994,-0.9832475285880254,-0.9648285777420744,-0.963141838104144,-0.9162182542001931,-0.9505144255292677,-0.9163054714862189,-0.9057069384610354,-0.9518157820447698,-0.9710642786120205,-0.9458841218885184,-0.9691222881782742,-0.9457813910646373,-0.9494321086142566,-0.9650013807555896,-0.9038315923767861,-0.9007300426637902,-0.9234077723716747,-0.9037788497039461,-0.9278686007119163,-0.9931992954209841,-0.9090883930820688,-0.9628002132020346,-0.9242032446445086,-0.9897078087397743,-0.9084781931521514,-0.9958715399436453,-0.9252045577712887,-0.9008721914190739,-0.9409543703652483,-0.9526950092061022,-0.9314796172330921,-0.933927912700429,-0.9484564413656367,-0.9139919444879072,-0.9915381730012741,-0.90168415358841,-0.9607392011082879,-0.94558578495675,-0.9448326492168919,-0.9979113195618197,-0.9185882334075149
-1.9889049899515607,-0.9334090988031148,-0.9191509608125579,-0.969406372865447,-0.9838255473892316,-0.9058241320368178,-0.9264091730123827,-0.9534431530308072,-0.9695216338621747,-0.9083477293392399,-0.9453283397759671,-0.9040341721959989,-0.9154692384680153,-0.9568269787072263,-0.9662944609687063,-0.9954202209163666,-0.9466033910131266,-0.9935756205494419,-0.9179475575844835,-0.9838185599774765,-0.9520504475830696,-0.9313987305216316,-0.9767605704230604,-0.9441991196573993,-0.9596721139811774,-0.9913685367929419,-0.9598691985461777,-0.9583063339594773,-0.9390892902178065,-0.950527370476645,-0.9759719605125008,-0.9249121280469956,-0.957941272253556,-0.9937396539205455,-0.969021054445883,-0.9200653338668947,-0.9677656314673689,-0.9434106176505007,-0.995410261431994,-0.9069846159101524,-0.9449215404957193,-0.9126903522309541,-0.9696595948076613,-0.9908661893840852,-0.9217227206103293,-0.9306896824349554,-0.9511165313488791,-0.9422150213796051,-0.9238172220469746,-0.9184600891384013,-0.9837637383863458,-0.9941160153317188,-0.9713157269211034,-0.9942212948819038
-1.4215216498358287,-0.9605887929734955,-0.9561016691810182,-0.9676998300372831,-0.9115089676229812,-0.9697271350299868,-0.9372322877510352,-0.9706667660008257,-0.9246985230343397,-0.963352336648457,-0.9679226203773794,-0.9237771542564264,-0.9804501241408546,-0.9068328561346715,-0.9514866849819938,-0.9972690063906312,-0.9391370870165562,-0.937261587712993,-0.9669592155243323,-0.9101932161442883,-0.9324432104268126,-0.9723142930853288,-0.922826616434002,-0.9379000950192731,-0.9022863154767022,-0.9719304845655921,-0.9346144103848985,-0.9865772204173534,-0.9992699564611283,-0.9509929769265215,-0.9757396030793786,-0.9675751158173225,-0.9103991407545563,-0.9107019214337504,-0.9769038167988463,-0.9256680915042552,-0.9495529555894909,-0.9187865625232434,-0.9253512825366118,-0.9728815413304919,-0.9483817877437514,-0.9914550733460231,-0.9780392632120649,-0.9796314511444291,-0.9206778995471655,-0.97270875417804,-0.9265043449543272,-0.9959069385908363,-0.9860971241068428,-0.965484298727579,-0.954758662068945,-0.9723849357512804,-0.9631543613140447,-0.9626881137558162
-1.6640913532144663,-0.9528840048403224,-0.9907409525701214,-0.902293948275687,-0.9769815840715443,-0.9027510816479258,-0.9978431386564988,-0.9305574734405506,-0.9218995474902607,-0.9643240129434483,-0.9249118108963008,-0.9578409739406676,-0.9269905127235708,-0.9606377524913872,-0.9285208222626223,-0.911410487931902,-0.9563244117450126,-0.9891604201964521,-0.9857396769152963,-0.9108630879740875,-0.9056493426592426,-0.9283034631019803,-0.9689713760486843,-0.9189816540133011,-0.9746402749332747,-0.9623469928940444,-0.9029899154989132,-0.9095136570235852,-0.9533727543395722,-0.9644312637004274,-0.955473514857703,-0.9597202462046065,-0.9196164351904896,-0.9138757878428397,-0.912781129336234,-0.956297827159889,-0.9484961274511119,-0.948385203614777,-0.9956324844320815,-0.9584267133444183,-0.964433083849091,-0.978261651517427,-0.9780324785088838,-0.9937527318454519,-0.9673782902013943,-0.9304082764756276,-0.9536536932720369,-0.9426627494075634,-0.9240713178336396,-0.9413548605788878,-0.9176404429674598,-0.9433249118939552,-0.9662268880806333,-0.9332394628550534
-0.18246824067940814,-0.9489487103830389,-0.9294610775183028,-0.9886906351805435,-0.9470905974064353,-0.9850982531021751,-0.933981494774843,-0.9816602950342227,-0.9204076049878933,-0.9054039267640641,-0.9875169023955693,-0.9229068494253454,-0.9452502947969271,-0.9604471077712112,-0.9620280262662064,-0.9540066969632842,-0.9882600879946848,-0.9543256358151961,-0.9261904611063461,-0.9266452191429372,-0.9082754153120793,-0.9587850028000586,-0.928533582824859,-0.9362390261449212,-0.9610405799742948,-0.9390947400766032,-0.9263166701691832,-0.9511554261547137,-0.9049762370126968,-0.9041470920116356,-0.9978289289729477,-0.9566150207159111,-0.9711483133941075,-0.9400171652119669,-0.9811517906145178,-0.9195675060204132,-0.9866912527146863,-0.9361266728359703,-0.9756253331442983,-0.9216692862332306,-0.9410870292531139,-0.9523308761683978,-0.9095781920307495,-0.9569787864310022,-0.9810040416184771,-0.9893331386807815,-0.9861305942904777,-0.9313249064647773,-0.9696685437599353,-0.9792145336287815,-0.9389796066533638,-0.9558757538566269,-0.9503646588776763,-0.9190650973035901
-2.2192482445407453,-0.9230351187069251,-0.9618582348296614,-0.9587695114097626,-0.934411183944492,-0.9194819344339102,-0.9003477054882141,-0.9092091123413277,-0.9652940396258922,-0.9600124641512214,-0.9008280390813501,-0.980920610247854,-0.9971448094409072,-0.9181733734802915,-0.9918662061279286,-0.9815973533992398,-0.9131940352231116,-0.9315432426195845,-0.9155012451975156,-0.9229942680004758,-0.9486480888899856,-0.9830136507761749,-0.9665254490538713,-0.9877295974824197,-0.964180212010644,-0.9190628470364468,-0.914548015458838,-0.9417317293183218,-0.9525826797778152,-0.9939582712722222,-0.9913381731283539,-0.90070871501243,-0.9081898758857718,-0.9386022214348424,-0.9641559698276391,-0.9521011331704716,-0.9079296239943614,-0.9608609819715449,-0.9260282503255144,-0.9299466167333832,-0.9702635543900946,-0.9526939365318089,-0.9877163375922311,-0.980156332392505,-0.9663727242536372,-0.9338991016297138,-0.9571188985999384,-0.9641464667312718,-0.9268376518049539,-0.9331294168076003,-0.9449543464390012,-0.9751839592101704,-0.9620914826224496,-0.9861665742824042
-0.5546960552924759,-0.9468922595223257,-0.9512182233785762,-0.9936083468921705,-0.9828799490751783,-0.9554152351863103,-0.9138405126276086,-0.9541786221045719,-0.9916893948329917,-0.9277697874543634,-0.9086291924495309,-0.9360856045099637,-0.980960259763995,-0.947191744809165,-0.9344836724863087,-0.9057239897851972,-0.9640630486566031,-0.9061669578767106,-0.9050193828853946,-0.9227740905060494,-0.95491470271427,-0.9674108305955169,-0.9959259548712724,-0.964996596495486,-0.9738215541201634,-0.9717842663315345,-0.9548226937524396,-0.9940603913918898,-0.9745370775148874,-0.9510042314260986,-0.9026186948917836,-0.9727730159193285,-0.9488912838353776,-0.9309664869726313,-0.9219068656316691,-0.9321990460936284,-0.906994173612593,-0.9229062707645955,-0.9486658623989542,-0.9834478155954474,-0.9433808336849103,-0.9183360345426311,-0.9175638296836827,-0.9250669984526633,-0.9183040214107469,-0.9725353122721335,-0.9864020573162935,-0.9671514184074235,-0.9865869587244113,-0.9717206519759268,-0.9010821321972493,-0.9505346876132051,-0.9831489329172726,-0.9004303625988485
-0.07400588860722901,-0.9668159870440247,-0.9603797428539561,-0.9304287473717189,-0.9952136496535791,-0.9317065138701582,-0.9357305239470994,-0.9895999148023044,-0.9854861119204349,-0.9055268551427691,-0.9342705878548231,-0.9238673074957676,-0.9970131882127312,-0.9277947623735342,-0.982572825124295,-0.9742043149263201,-0.9144377937527031,-0.9156584369451284,-0.9172795617216107,-0.9041120304682734,-0.9831862454656853,-0.9303971907799582,-0.9308312265434023,-0.9097416964690181,-0.9998903827500042,-0.9958937440244044,-0.9836172119816781,-0.9440373934484267,-0.9888635028396036,-0.9298468704453944,-0.9243882110619517,-0.9381755111049866,-0.9704223968245433,-0.993953155202056,-0.9881076836257957,-0.9362134819885626,-0.9363696627956455,-0.9879274072128481,-0.9610321087319965,-0.9556136112977653,-0.9966000256216455,-0.9577535234314327,-0.93821824837719,-0.9036849551674617,-0.9472207982464909,-0.9722312648210106,-0.9151443646430675,-0.9977322175349441,-0.93197466812838,-0.9186658384378171,-0.9054729630781857,-0.9821196714724344,-0.9914233783411938,-0.9547481607671835
-1.2301117658761045,-0.9147334765932029,-0.9732197077723855,-0.969795913646418,-0.9718946926032518,-0.9398722618081515,-0.9359631957046299,-0.9199131084613329,-0.9680553424217136,-0.9790454698627994,-0.9178504695323698,-0.9625170842735549,-0.9845690331322812,-0.9033383007379511,-0.9744793462894686,-0.9596018371636257,-0.9398171313643825,-0.9732205795312392,-0.9343412322781418,-0.948306406516833,-0.9792411026227592,-0.9791783619825776,-0.9422102820034444,-0.903777173143145,-0.9719257691741778,-0.9952367788841479,-0.9312831293534357,-0.9247693354526269,-0.9515218896489938,-0.9902879654321408,-0.9662739302064095,-0.9088807641951683,-0.996545845114975,-0.9401317797616828,-0.925399064931991,-0.9471803211347887,-0.9295774766393461,-0.9838257661376766,-0.9866797921832771,-0.9149561094602536,-0.9264404210637662,-0.9218290592560584,-0.9006479748640855,-0.9770519780475846,-0.9377170478069319,-0.9242188334125137,-0.9943286413095637,-0.9237557923432966,-0.953295334555287,-0.9040929629015788,-0.9942549039790267,-0.9893987749360187,-0.9863466391363628,-0.9800625126258226
-0.9375243135326822,-0.9750412737867392,-0.9467179964012935,-0.9046966820883015,-0.979714546120211,-0.9460256843799395,-0.9924929947640229,-0.9813215283399708,-0.9988859688242743,-0.9623986075142291,-0.9898097688361475,-0.980242334054547,-0.9773597217480526,-0.9728108045679292,-0.9440120893098738,-0.9694192717811858,-0.9299076850703696,-0.9663448332519379,-0.9080313876394552,-0.9026696129020186,-0.9513440528317254,-0.9271521318714895,-0.9276911909951397,-0.9716480048041194,-0.9640272214844683,-0.9135481426676733,-0.9199133676801665,-0.9993927279657249,-0.9841385717679179,-0.9662112889526844,-0.9868182469866992,-0.9816172708047975,-0.9578384238249139,-0.9523495581885424,-0.9605448808620578,-0.9137563231248262,-0.9274046103638357,-0.9222103673748341,-0.9033250500196031,-0.9098227187836314,-0.9800156533570248,-0.9432970819463238,-0.9142498192765401,-0.9665597489691263,-0.9188434935483768,-0.961095634778426,-0.9253116923120759,-0.9439572685713645,-0.9174330128904826,-0.9450699586573504,-0.9480013653494542,-0.98337816936913,-0.9014873290966859,-0.9261775449409727
-0.23437409497326278,-0.9582003113394307,-0.9643859512153502,-0.9423872590687319,-0.9231523595926696,-0.9387097933332588,-0.9494609439744286,-0.9669685359170039,-0.9695597976280558,-0.9566955131456422,-0.9648400750775104,-0.9360072549764252,-0.9497443561019472,-0.9081973806584409,-0.9612641842019541,-0.9012836471657613,-0.9555280660175093,-0.9809016815460461,-0.9189461628925963,-0.97715527655643,-0.9917782185440127,-0.9825153177101352,-0.9858087610074642,-0.929764850215325,-0.9591539723138505,-0.9112430921680431,-0.9229593274358252,-0.9794280970922763,-0.9488042094148854,-0.9691088130500176,-0.9555187563901845,-0.952125550893278,-0.970567455209534,-0.9284042628052743,-0.9004561830776581,-0.9079049823639449,-0.9120796280030982,-0.9383024978678332,-0.9985907285715444,-0.9889635826235589,-0.9593682554258859,-0.9011622770018832,-0.9655360007727338,-0.97121814369955,-0.9742829405453837,-0.9715940258838989,-0.9054032090949227,-0.9544933792146201,-0.9003852130657205,-0.9103762218206266,-0.9795189973253602,-0.9204018692931405,-0.9896752320821465,-0.9667297110017207
-2.322747298932423,-0.9039616509515059,-0.9777138624463356,-0.9410555285667149,-0.9261483845272191,-0.9544367287979421,-0.9189913889203843,-0.938464305957064,-0.9939285930197,-0.9494306947540279,-0.9484778154861528,-0.9972755021177916,-0.968566248883549,-0.9764078887686722,-0.9673448102292138,-0.9887996399081178,-0.9015766596434384,-0.9807184182848732,-0.9071236576182777,-0.9525874595657513,-0.9474759489813525,-0.9753332061374921,-0.9051342532954852,-0.9046081333270206,-0.9422253947822978,-0.9046088469029305,-0.9512721841238161,-0.9567411602622387,-0.9862213862193119,-0.998659741638229,-0.9607455060811068,-0.9775537216869729,-0.9826715483365462,-0.9538335753686096,-0.925033392757227,-0.9063622287141893,-0.9611194354405335,-0.9982749072454141,-0.9768793678392793,-0.9639199877013499,-0.962625792007981,-0.9060252588833236,-0.9982242639776746,-0.9827962300077415,-0.9772105696621791,-0.9714663173917117,-0.9575905104196503,-0.920322819848524,-0.9258708781308471,-0.923004989121489,-0.9406129983237075,-0.9211732976795701,-0.9710272524015752,-0.9696108397722242
-0.39264164579016847,-0.9811379048003416,-0.9736288064293795,-0.9561653698126161,-0.9896018140997896,-0.9684277159177962,-0.9059828010875033,-0.9269191877493429,-0.9498787345656887,-0.9780361224289179,-0.9617214488069836,-0.9027103019075569,-0.901903929768943,-0.9017046183230761,-0.9961647285703767,-0.9817019877958972,-0.9428908216293252,-0.9418986259241313,-0.938265357314323,-0.9785263212096541,-0.9945464245662494,-0.9975962384698289,-0.9647375822685431,-0.9867549866161953,-0.9706344780640531,-0.9913873871548533,-0.9243316009874776,-0.9512499437938301,-0.9028736578852968,-0.9837428966256543,-0.973058008384541,-0.9219902318749242,-0.9154865742123455,-0.939471879200241,-0.9843781020789292,-0.9843684292567568,-0.9952601932186781,-0.9729551951110494,-0.9978699655558526,-0.903822001523293,-0.9197369006304825,-0.9212004701592942,-0.9037716720291691,-0.9520126589395611,-0.9923038541267664,-0.9143252235198799,-0.9887855299125018,-0.9855598564141919,-0.91555409490891,-0.9824596162854629,-0.9085753853536112,-0.9092226755993058,-0.9200053365067755,-0.9791881694516077
-2.6085098631570354,-0.917225619896502,-0.9544827235821938,-0.9389303215553072,-0.9056940266885396,-0.9904386633327026,-0.9902148689567716,-0.9676118874722405,-0.9182975736503461,-0.935423824541846,-0.9023894780500463,-0.97437469509013,-0.9581697263058229,-0.9274979278273036,-0.9655473739186947,-0.9209643860226264,-0.9789341655455213,-0.9636827612972335,-0.9921536862928249,-0.9862412477477344,-0.9530531272209911,-0.9765501771991726,-0.931857673517136,-0.9547038414557796,-0.9321821412172154,-0.944994260204596,-0.9876617131666255,-0.9931486914584293,-0.950615088729527,-0.9860784226185955,-0.937082010234341,-0.9735334041475959,-0.9807643306994912,-0.9055339432681528,-0.9041224957321214,-0.9543469483139876,-0.9519710307224268,-0.9900726226153339,-0.9650007773529936,-0.9662473637563198,-0.9276488664669396,-0.9969718398784607,-0.9676380900839195,-0.9038366909105318,-0.9585140101675005,-0.9373660485619956,-0.9755552293552733,-0.9848858193013523,-0.9328130694661264,-0.9482366058927987,-0.9323690046516571,-0.9057543114743345,-0.907893881355479,-0.9033025415388348
-2.0006944690063975,-0.9366001919505076,-0.9951246958106338,-0.9476512784919507,-0.9840049365468956,-0.9438916575879723,-0.9955120588501696,-0.9186031891826266,-0.9349416264556683,-0.916336560959272,-0.9450155169800565,-0.9302435259369626,-0.9535865599714719,-0.9705148923243581,-0.9544496646418685,-0.9061430752637127,-0.9293225583816881,-0.9605380284320965,-0.9423394263545991,-0.9538993436069656,-0.9517680062053949,-0.9668118350427438,-0.9470383769364374,-0.9505681606994747,-0.9624922650330963,-0.9326326233412361,-0.932995211923999,-0.996117623429343,-0.9938745425220921,-0.970895430899498,-0.9001871141033289,-0.9514921759832619,-0.9416900491011341,-0.9639643114406812,-0.9153038759564353,-0.9358901847252721,-0.9323197325328278,-0.9115636364868659,-0.9296223117507498,-0.9467415824762191,-0.9682346481106227,-0.9278529652549053,-0.9371903731711079,-0.9832932541851255,-0.9393052308675908,-0.9632515683553994,-0.9117321611727746,-0.9616309783898436,-0.9828240303831244,-0.9794425234910172,-0.9688375016438939,-0.949198970396996,-0.9782398877111719,-0.972496992786775
-2.7957768901917177,-0.986712345637645,-0.9095461759499507,-0.9015791412287734,-0.9841886394158337,-0.9748492096320082,-0.9393283987674448,-0.9553832538174517,-0.9606955899419856,-0.9587256124126879,-0.9670501783956741,-0.912007546307996,-0.9894040817958455,-0.9123843885084426,-0.9857892127937731,-0.9461199544494898,-0.9156445890552133,-0.9240220411298674,-0.9418073052662868,-0.977476039878888,-0.994537945451311,-0.9389112169407863,-0.9687621066785702,-0.956475701660979,-0.991032885287051,-0.9209598395954302,-0.9012273680603164,-0.9419012191477597,-0.9004097736420295,-0.9739737327798851,-0.9998182902028384,-0.9334227602536842,-0.9905829749835778,-0.9437549523077451,-0.9611924169012824,-0.9842762208861138,-0.9311684834771523,-0.9741251849359858,-0.9125453953370227,-0.9883359113866728,-0.9717332289335344,-0.9509323458286361,-0.9436131242406356,-0.9050057818370049,-0.9907162901018711,-0.9330776729369559,-0.9781359413945858,-0.9778613744443854,-0.9369603060481038,-0.9589444295649562,-0.9249327283535005,-0.9241977446557778,-0.9012373076424336,-0.9128361483571843
-2.8919000683207945,-0.9029738726176114,-0.9775424874061127,-0.9375962854921532,-0.9739880575103572,-0.9992519043581688,-0.9703438925865183,-0.9575775648907454,-0.9385179186578508,-0.9686603185471021,-0.9519193620496542,-0.94754579077148,-0.9455383431072628,-0.9285433470070037,-0.921595752590373,-0.910971691620081,-0.9642471496247035,-0.9258037758220654,-0.9469651113255768,-0.9078842430053395,-0.9517036874892395,-0.9385088871035118,-0.9459655764387472,-0.9052326268069093,-0.9906418743770108,-0.9172846029977418,-0.9248157514246687,-0.9758689263511453,-0.9938698690561459,-0.9679350903355445,-0.9041704096935368,-0.9364603988333423,-0.9864874990283368,-0.9186974857295007,-0.9518630347828645,-0.9262883517934151,-0.9357433309869762,-0.9368290149119922,-0.9095447611926113,-0.9204784390896161,-0.9319084447592864,-0.956830896564539,-0.9645249274204215,-0.9741090468029658,-0.9190758310827282,-0.9657814936331499,-0.9414434031051333,-0.9579042282157105,-0.9756864468451862,-0.9888314653066466,-0.9380605498888444,-0.9435385194689537,-0.951997970398698,-0.9202984224884365
-2.2878890203398234,-0.9535823981244809,-0.9271259430442844,-0.960693150982078,-0.9086936563521336,-0.9456633184761825,-0.9436229626841982,-0.9012398784199213,-0.9058190654726395,-0.9642497717492855,-0.9970354072374453,-0.9246588424600543,-0.9246585916855584,-0.923359750710215,-0.9293984547614191,-0.9150259537707215,-0.955809384248933,-0.917961251659183,-0.9881213077901124,-0.9893404268038616,-0.9273676248308957,-0.9062933015543051,-0.9678843014483274,-0.9532460841270692,-0.9342449405739808,-0.992523575459314,-0.9492958978742443,-0.9191942244969431,-0.9813428691629056,-0.998090193593117,-0.9810060970235206,-0.9762447288702641,-0.9868759930276004,-0.9846080713920589,-0.9972220876140843,-0.9089385004997372,-0.9600497624148132,-0.9831626217425623,-0.9885813367547989,-0.9512186323223075,-0.969811580842979,-0.9320429370039754,-0.9800469430873388,-0.9831427839345201,-0.9447255392707088,-0.9294209727050323,-0.9860223002969087,-0.9715929518849011,-0.9160369484158382,-0.9618937571332467,-0.9500110044602732,-0.9135576353765458,-0.9712442245584565,-0.9287473218378325
